Analytical,RK2,LeapFrog
1.74184e-22,1.70396e-22,2.45953e-22
7.59374e-25,-3.30653e-23,-5.62768e-23
-1.73108e-22,-2.32292e-22,-3.2393e-22
-2.45949e-22,-2.85676e-22,-3.92559e-22
-1.75252e-22,-1.41618e-22,-2.19998e-22
-2.27809e-24,1.16412e-22,8.77315e-23
1.72026e-22,3.16282e-22,3.41558e-22
2.45935e-22,3.10841e-22,3.85529e-22
1.76315e-22,8.45688e-23,1.92629e-22
3.79673e-24,-2.22998e-22,-1.18623e-22
-1.70937e-22,-4.01535e-22,-3.56993e-22
-2.45911e-22,-3.12321e-22,-3.76024e-22
-1.7737e-22,6.6784e-24,-1.64025e-22
-5.31522e-24,3.5105e-22,1.48753e-22
1.69842e-22,4.79104e-22,3.70136e-22
2.45878e-22,2.79664e-22,3.64105e-22
1.78419e-22,-1.36817e-22,1.34367e-22
6.8335e-24,-4.95631e-22,-1.77928e-22
-1.6874e-22,-5.37014e-22,-3.80902e-22
-2.45836e-22,-2.01679e-22,-3.49848e-22
-1.79461e-22,3.08249e-22,-1.03846e-22
-8.35153e-24,6.4782e-22,2.0596e-22
1.67632e-22,5.60276e-22,3.89223e-22
2.45785e-22,6.73589e-23,3.33345e-22
1.80496e-22,-5.19819e-22,7.26583e-23
9.86923e-24,-7.93975e-22,-2.3267e-22
-1.66517e-22,-5.31251e-22,-3.95045e-22
-2.45724e-22,1.32807e-22,-3.14702e-22
-1.81524e-22,7.65403e-22,-4.10044e-23
-1.13866e-23,9.15198e-22,2.57887e-22
1.65396e-22,4.30457e-22,3.98331e-22
2.45653e-22,-4.0513e-22,2.94038e-22
1.82546e-22,-1.03243e-21,9.08716e-24
1.29035e-23,-9.87161e-22,-2.81447e-22
-1.64269e-22,-2.37945e-22,-3.99059e-22
-2.45574e-22,7.50628e-22,-2.71487e-22
-1.8356e-22,1.30047e-21,2.28884e-23
-1.44199e-23,9.80452e-22,3.03201e-22
1.63136e-22,-6.46865e-23,3.97225e-22
2.45485e-22,-1.16261e-21,2.47192e-22
1.84567e-22,-1.54012e-21,-5.4717e-23
1.59357e-23,-8.61646e-22,-3.23007e-22
-1.61996e-22,4.9157e-22,-3.9284e-22
-2.45386e-22,1.62408e-21,-2.2131e-22
-1.85568e-22,1.71235e-21,8.61943e-23
-1.7451e-23,5.9528e-22,3.4074e-22
1.6085e-22,-1.04914e-21,3.85934e-22
2.45278e-22,-2.10514e-21,1.94007e-22
1.86561e-22,-1.76872e-21,-1.17118e-22
1.89655e-23,-1.46921e-22,-3.56286e-22
-1.59698e-22,1.73207e-21,-3.7655e-22
-2.45161e-22,2.56073e-21,-1.65459e-22
-1.87547e-22,1.6526e-21,1.4729e-22
-2.04794e-23,-5.12554e-22,3.69544e-22
1.5854e-22,-2.51876e-21,3.64748e-22
2.45035e-22,-2.92905e-21,1.35849e-22
1.88526e-22,-1.30202e-21,-1.76516e-22
2.19925e-23,1.40141e-21,-3.80429e-22
-1.57376e-22,3.36668e-21,-3.50604e-22
-2.44899e-22,3.13119e-21,-1.05366e-22
-1.89498e-22,6.54151e-22,2.04609e-22
-2.35047e-23,-2.5203e-21,3.88872e-22
1.56206e-22,-4.208e-21,3.34209e-22
2.44754e-22,-3.07243e-21,7.42065e-23
1.90462e-22,3.47977e-22,-2.31389e-22
2.50161e-23,3.84454e-21,-3.94818e-22
-1.5503e-22,4.94616e-21,-3.15668e-22
-2.44599e-22,2.64601e-21,-4.25708e-23
-1.9142e-22,-1.74665e-21,2.56682e-22
-2.65264e-23,-5.31587e-21,3.98229e-22
1.53848e-22,-5.45416e-21,2.95101e-22
2.44436e-22,-1.7397e-21,1.06617e-23
1.9237e-22,3.55837e-21,-2.80328e-22
2.80358e-23,6.83433e-21,-3.99083e-22
-1.5266e-22,5.57544e-21,-2.72639e-22
-2.44263e-22,2.45979e-22,2.13158e-23
-1.93312e-22,-5.76078e-21,3.02174e-22
-2.95441e-23,-8.2513e-21,3.97375e-22
1.51466e-22,-5.12851e-21,2.48427e-22
2.4408e-22,1.92397e-21,-5.31564e-23
1.94248e-22,8.27835e-21,-3.2208e-22
3.10513e-23,9.36489e-21,-3.93116e-22
-1.50267e-22,3.91634e-21,-2.22619e-22
-2.43888e-22,-4.82223e-21,8.46558e-23
-1.95176e-22,-1.09676e-20,3.39918e-22
-3.25573e-23,-9.91932e-21,3.86332e-22
1.49062e-22,-1.74152e-21,1.95382e-22
2.43687e-22,8.44241e-21,-1.15612e-22
1.96096e-22,1.36036e-20,-3.55573e-22
3.40621e-23,9.60996e-21,-3.77069e-22
-1.47851e-22,-1.57193e-21,-1.66891e-22
-2.43477e-22,-1.26949e-20,1.45825e-22
-1.97009e-22,-1.58698e-20,3.68946e-22
-3.55655e-23,-8.09606e-21,3.65384e-22
1.46634e-22,6.14961e-21,1.37329e-22
2.43257e-22,1.7381e-20,-1.75102e-22
1.97914e-22,1.7353e-20,-3.7995e-22
3.70676e-23,5.02297e-21,-3.51354e-22
-1.45412e-22,-1.20309e-20,-1.06884e-22
-2.43028e-22,-2.21669e-20,2.03256e-22
-1.98812e-22,-1.75481e-20,3.88514e-22
-3.85683e-23,-5.56578e-23,3.35067e-22
1.44184e-22,1.91271e-20,7.57535e-23
2.4279e-22,2.65633e-20,-2.30104e-22
1.99703e-22,1.58738e-20,-3.94584e-22
4.00675e-23,-7.07552e-21,-3.1663e-22
-1.42951e-22,-2.71756e-20,-4.41365e-23
-2.42543e-22,-2.99111e-20,2.55474e-22
-2.00585e-22,-1.17044e-20,3.9812e-22
-4.15652e-23,1.65164e-20,2.96159e-22
1.41713e-22,3.5694e-20,1.22361e-23
2.42286e-22,3.13824e-20,-2.79205e-22
2.0146e-22,4.42065e-21,-3.99101e-22
4.30613e-23,-2.82188e-20,-2.73787e-22
-1.40469e-22,-4.39376e-20,1.97428e-23
-2.4202e-22,-2.99979e-20,3.01143e-22
-2.02328e-22,6.5193e-21,3.97519e-22
-4.45558e-23,4.1862e-20,2.49657e-22
1.39219e-22,5.08692e-20,-5.1595e-23
2.41745e-22,2.46714e-20,-3.21147e-22
2.03187e-22,-2.14853e-20,-3.93385e-22
4.60486e-23,-5.67697e-20,-2.23925e-22
-1.37965e-22,-5.51468e-20,8.31159e-23
-2.41461e-22,-1.42839e-20,3.3909e-22
-2.04039e-22,4.05595e-20,3.86725e-22
-4.75396e-23,7.1831e-20,1.96754e-22
1.36705e-22,5.51413e-20,-1.14103e-22
2.41167e-22,-2.20633e-21,-3.54855e-22
2.04884e-22,-6.34023e-20,-3.77582e-22
4.90288e-23,-8.54354e-20,-1.68321e-22
-1.35439e-22,-4.8993e-20,1.44358e-22
-2.40865e-22,2.56138e-20,3.68342e-22
-2.0572e-22,8.91069e-20,3.66015e-22
-5.05161e-23,9.5435e-20,1.38806e-22
1.34169e-22,3.4718e-20,-1.73686e-22
2.40553e-22,-5.63365e-20,-3.79464e-22
2.06548e-22,-1.16054e-19,-3.52098e-22
5.20015e-23,-9.91506e-20,-1.08401e-22
-1.32894e-22,-1.03762e-20,2.01898e-22
-2.40232e-22,9.41307e-20,3.8815e-22
-2.07369e-22,1.41782e-19,3.3592e-22
-5.34849e-23,9.34388e-20,7.72993e-23
1.31613e-22,-2.56946e-20,-2.28815e-22
2.39901e-22,-1.37859e-19,-3.94344e-22
2.08182e-22,-1.62897e-19,-3.17586e-22
5.49663e-23,-7.48404e-20,-4.57015e-23
-1.30328e-22,7.45722e-20,2.54262e-22
-2.39562e-22,1.8523e-19,3.98006e-22
-2.08986e-22,1.75044e-19,2.97213e-22
-5.64456e-23,3.98292e-20,1.38103e-23
1.29037e-22,-1.36377e-19,-2.78077e-22
2.39213e-22,-2.32551e-19,-3.99113e-22
2.09783e-22,-1.72974e-19,-2.74931e-22
5.79227e-23,1.48253e-20,1.81696e-23
-1.27742e-22,2.0984e-19,3.00107e-22
-2.38856e-22,2.74529e-19,3.97657e-22
-2.10572e-22,1.50742e-19,2.50884e-22
-5.93976e-23,-9.15694e-20,-5.00328e-23
1.26442e-22,-2.91846e-19,-3.20209e-22
2.38489e-22,-3.0417e-19,-3.93648e-22
2.11353e-22,-1.02067e-19,-2.25227e-22
6.08703e-23,1.91452e-19,8.15748e-23
-1.25136e-22,3.76974e-19,3.38256e-22
-2.38113e-22,3.12813e-19,3.87111e-22
-2.12126e-22,2.08822e-20,1.98123e-22
-6.23406e-23,-3.134e-19,-1.12593e-22
1.23827e-22,-4.57099e-19,-3.54131e-22
2.37728e-22,-2.90377e-19,-3.78089e-22
2.1289e-22,9.78926e-20,-1.69747e-22
6.38086e-23,4.5342e-19,1.42888e-22
-1.22512e-22,5.21125e-19,3.67733e-22
-2.37334e-22,2.25858e-19,3.6664e-22
-2.13647e-22,-2.57359e-19,1.40282e-22
-6.52741e-23,-6.03767e-19,-1.72266e-22
1.21193e-22,-5.5493e-19,-3.78973e-22
2.36931e-22,-1.08162e-19,-3.52837e-22
2.14395e-22,4.57433e-19,-1.09916e-22
6.67371e-23,7.52186e-19,2.00538e-22
-1.19869e-22,5.41622e-19,3.8778e-22
-2.36519e-22,-7.27035e-20,3.36768e-22
-2.15135e-22,-6.93474e-19,7.88439e-23
-6.81976e-23,-8.8131e-19,-2.27523e-22
1.1854e-22,-4.62218e-19,-3.94098e-22
2.36098e-22,3.24035e-19,-3.18538e-22
2.15867e-22,9.5482e-19,-4.72659e-23
6.96555e-23,9.68379e-19,2.53046e-22
-1.17207e-22,2.9685e-19,3.97885e-22
-2.35668e-22,-6.48454e-19,2.98262e-22
-2.16591e-22,-1.22336e-18,1.53843e-23
-7.11107e-23,-9.85429e-19,-2.76945e-22
1.1587e-22,-2.65934e-20,-3.99118e-22
2.35229e-22,1.04158e-18,-2.76071e-22
2.17306e-22,1.47231e-18,1.6596e-23
7.25633e-23,9.00148e-19,2.99066e-22
-1.14528e-22,-3.64017e-19,3.97788e-22
-2.3478e-22,-1.48948e-18,2.52107e-22
-2.18014e-22,-1.66544e-18,-4.84698e-23
-7.4013e-23,-6.77583e-19,-3.19267e-22
1.13182e-22,8.83761e-19,-3.93904e-22
2.34323e-22,1.96606e-18,-2.26525e-22
2.18713e-22,1.757e-18,8.00323e-23
7.54599e-23,2.82885e-19,3.37418e-22
-1.11831e-22,-1.53085e-18,3.87492e-22
-2.33857e-22,-2.43072e-18,1.99489e-22
-2.19403e-22,-1.69267e-18,-1.11081e-22
-7.6904e-23,3.14761e-19,-3.53402e-22
1.10477e-22,2.28855e-18,-3.78591e-22
2.33383e-22,2.82653e-18,-1.71172e-22
2.20085e-22,1.4119e-18,1.41417e-22
7.83451e-23,-1.13696e-18,3.67118e-22
-1.09118e-22,-3.12051e-18,3.6726e-22
-2.32899e-22,-3.07951e-18,1.41755e-22
-2.20759e-22,-8.51945e-19,-1.70844e-22
-7.97833e-23,2.18968e-18,-3.78476e-22
1.07754e-22,3.96636e-18,-3.5357e-22
2.32406e-22,3.09943e-18,-1.11429e-22
2.21424e-22,-4.61167e-20,1.99175e-22
8.12184e-23,-3.45584e-18,3.87405e-22
-1.06387e-22,-4.73792e-18,3.37611e-22
-2.31905e-22,-2.78286e-18,8.03873e-23
-2.22081e-22,1.32914e-18,-2.26227e-22
-8.26504e-23,4.88713e-18,-3.93846e-22
1.05016e-22,5.31701e-18,-3.19484e-22
2.31394e-22,2.01888e-18,-4.88294e-23
2.2273e-22,-3.02145e-18,2.51826e-22
8.40792e-23,-6.39592e-18,3.97759e-22
-1.0364e-22,-5.55555e-18,2.99306e-22
-2.30875e-22,-6.98216e-19,1.69581e-23
-2.2337e-22,5.1124e-18,-2.75809e-22
-8.55048e-23,7.84782e-18,-3.99117e-22
1.02261e-22,5.27903e-18,-2.77206e-22
2.30347e-22,-1.27386e-18,1.50222e-23
2.24001e-22,-7.54228e-18,2.98021e-22
8.69272e-23,-9.05646e-18,3.97914e-22
-1.00878e-22,-4.29452e-18,2.53326e-22
-2.2981e-22,3.96069e-18,-4.6906e-23
-2.24624e-22,1.01877e-17,-3.18319e-22
-8.83463e-23,9.78158e-18,-3.94155e-22
9.94909e-23,2.40413e-18,-2.2782e-22
2.29265e-22,-7.37355e-18,7.84887e-23
2.25239e-22,-1.28478e-17,3.36574e-22
8.9762e-23,-9.73238e-18,3.87866e-22
-9.81001e-23,5.75126e-19,2.00851e-22
-2.28711e-22,1.14477e-17,-1.09567e-22
-2.25844e-22,1.52325e-17,-3.52667e-22
-9.11743e-23,8.57801e-18,-3.79087e-22
9.67055e-23,-4.78444e-18,-1.72593e-22
2.28148e-22,-1.60168e-17,1.39943e-22
2.26441e-22,-1.69569e-17,3.66497e-22
9.25831e-23,-5.96696e-18,3.67873e-22
-9.53073e-23,1.02894e-17,1.43227e-22
-2.27576e-22,2.0787e-17,-1.69419e-22
-2.2703e-22,1.75419e-17,-3.77973e-22
-9.39883e-23,1.55726e-18,-3.54298e-22
9.39054e-23,-1.70397e-17,-1.12941e-22
2.26995e-22,-2.53143e-17,1.97808e-22
2.2761e-22,-1.64276e-17,3.87023e-22
9.539e-23,4.94131e-18,3.38448e-22
-9.24999e-23,2.48246e-17,8.19295e-23
-2.26406e-22,2.89892e-17,-2.24927e-22
-2.28181e-22,1.29999e-17,-3.93588e-22
-9.67881e-23,-1.37124e-17,-3.20426e-22
9.10909e-23,-3.32266e-17,-5.03923e-23
2.25809e-22,-3.10321e-17,2.50602e-22
2.28744e-22,-6.63557e-18,3.97626e-22
9.81824e-23,2.47665e-17,3.00345e-22
-8.96784e-23,4.15781e-17,1.85315e-23
-2.25202e-22,3.05066e-17,-2.74668e-22
-2.29297e-22,-3.23217e-18,-3.9911e-22
-9.9573e-23,-3.78641e-17,-2.78337e-22
8.82625e-23,-4.8927e-17,1.34482e-23
2.24588e-22,-2.63556e-17,2.96971e-22
2.29842e-22,1.70262e-17,3.98033e-22
1.0096e-22,5.24344e-17,2.54541e-22
-8.68432e-23,5.40197e-17,-4.53415e-23
-2.23964e-22,1.74666e-17,-3.17366e-22
-2.30379e-22,-3.49161e-17,-3.944e-22
-1.02343e-22,-6.74945e-17,-2.29112e-22
8.54207e-23,-5.53089e-17,7.69438e-23
2.23332e-22,-2.77143e-18,3.35725e-22
2.30906e-22,5.66885e-17,3.88234e-22
1.03722e-22,8.15802e-17,2.02211e-22
-8.39948e-23,5.09988e-17,-1.08052e-22
-2.22692e-22,-1.86156e-17,-3.51927e-22
-2.31425e-22,-8.16054e-17,-3.79576e-22
-1.05097e-22,-9.26996e-17,-1.74012e-22
8.25658e-23,-3.91372e-17,1.38466e-22
2.22043e-22,4.72196e-17,3.6587e-22
2.31935e-22,1.08258e-16,3.68482e-22
1.06468e-22,9.83258e-17,1.44696e-22
-8.11336e-23,1.7765e-17,-1.67992e-22
-2.21385e-22,-8.299e-17,-3.77464e-22
-2.32435e-22,-1.34432e-16,-3.55021e-22
-1.07835e-22,-9.54463e-17,-1.1445e-22
7.96983e-23,1.4869e-17,1.96439e-22
2.20719e-22,1.25056e-16,3.86635e-22
2.32928e-22,1.57005e-16,3.39281e-22
1.09198e-22,8.06872e-17,8.34703e-23
-7.826e-23,-6.00226e-17,-2.23625e-22
-2.20045e-22,-1.71469e-16,-3.93323e-22
-2.33411e-22,-1.71899e-16,-3.21362e-22
-1.10557e-22,-5.05317e-17,-5.19543e-23
7.68187e-23,1.18106e-16,2.49375e-22
2.19363e-22,2.18947e-16,3.97486e-22
2.33885e-22,1.7412e-16,3.0138e-22
1.11911e-22,1.65018e-18,2.01047e-23
-7.53745e-23,-1.88266e-16,-2.73523e-22
-2.18671e-22,-2.62666e-16,-3.99097e-22
-2.34351e-22,-1.57916e-16,-2.79464e-22
-1.13262e-22,6.86479e-17,1.18739e-23
7.39274e-23,2.67937e-16,2.95916e-22
2.17972e-22,2.96125e-16,3.98146e-22
2.34807e-22,1.17087e-16,2.55753e-22
1.14608e-22,-1.61837e-16,-4.37763e-23
-7.24775e-23,-3.52377e-16,-3.16409e-22
-2.17264e-22,-3.11142e-16,-3.94638e-22
-2.35255e-22,-4.54842e-17,-2.304e-22
-1.15949e-22,2.77483e-16,7.53977e-23
7.10248e-23,4.34255e-16,3.3487e-22
2.16548e-22,2.98032e-16,3.88597e-22
2.35693e-22,-6.22857e-17,2.03567e-22
1.17286e-22,-4.12461e-16,-1.06535e-22
-6.95694e-23,-5.0334e-16,-3.51182e-22
-2.15824e-22,-2.46039e-16,-3.8006e-22
-2.36123e-22,2.09932e-16,-1.75428e-22
-1.18619e-22,5.60139e-16,1.36988e-22
6.81114e-23,5.46381e-16,3.65238e-22
2.15092e-22,1.44062e-16,3.69084e-22
2.36543e-22,-3.98334e-16,1.46162e-22
1.19947e-22,-7.09587e-16,-1.66562e-22
-6.66507e-23,-5.47274e-16,-3.7695e-22
-2.14351e-22,1.82533e-17,-3.55738e-22
-2.36955e-22,6.24214e-16,-1.15958e-22
-1.21271e-22,8.44931e-16,1.95066e-22
6.51875e-23,4.87609e-16,3.86241e-22
2.13602e-22,-2.49041e-16,3.40107e-22
2.37358e-22,-8.78697e-16,8.50099e-23
1.2259e-22,-9.44974e-16,-2.22318e-22
-6.37219e-23,-3.47728e-16,-3.93053e-22
-2.12845e-22,5.52345e-16,-3.22294e-22
-2.37751e-22,1.14587e-15,-5.35155e-23
-1.23904e-22,9.8324e-16,2.48143e-22
6.22538e-23,1.08362e-16,3.97341e-22
2.1208e-22,-9.25885e-16,3.02411e-22
2.38135e-22,-1.40149e-15,2.16776e-23
1.25214e-22,-9.28633e-16,-2.72374e-22
-6.07833e-23,2.47045e-16,-3.99078e-22
-2.11307e-22,1.35858e-15,-2.80586e-22
-2.38511e-22,1.61208e-15,1.02995e-23
-1.26519e-22,7.46894e-16,2.94857e-22
5.93105e-23,-7.2932e-16,3.98253e-22
2.10526e-22,-1.82792e-15,2.5696e-22
2.38877e-22,-1.73461e-15,-4.22104e-23
1.27819e-22,-4.03039e-16,-3.15446e-22
-5.78354e-23,1.33987e-15,-3.9487e-22
-2.09736e-22,2.29758e-15,-2.31684e-22
-2.39234e-22,1.71721e-15,7.38504e-23
-1.29114e-22,-1.35061e-16,3.34011e-22
5.63582e-23,-2.06641e-15,3.88953e-22
2.08939e-22,-2.7154e-15,2.04921e-22
2.39582e-22,-1.50102e-15,-1.05016e-22
1.30404e-22,8.91857e-16,-3.5043e-22
-5.48788e-23,2.87842e-15,-3.80538e-22
-2.08134e-22,3.01231e-15,-1.76841e-22
-2.39921e-22,1.02376e-15,1.35508e-22
-1.31689e-22,-1.87807e-15,3.646e-22
5.33973e-23,-3.72262e-15,3.6968e-22
2.07321e-22,-3.10273e-15,1.47627e-22
2.40251e-22,-2.25196e-16,-1.65129e-22
1.32969e-22,3.08352e-15,-3.76429e-22
-5.19137e-23,4.51896e-15,-3.56449e-22
-2.065e-22,2.88692e-15,-1.17465e-22
-2.40571e-22,-9.45325e-16,1.93691e-22
-1.34244e-22,-4.46921e-15,3.85841e-22
5.04282e-23,-5.15797e-15,3.40929e-22
2.05671e-22,-2.25587e-15,8.65481e-23
2.40883e-22,2.51902e-15,-2.21008e-22
1.35514e-22,5.95911e-15,-3.92776e-22
-4.89408e-23,5.50016e-15,-3.2322e-22
-2.04834e-22,1.0995e-15,-5.50759e-23
-2.41185e-22,-4.49576e-15,2.46907e-22
-1.36779e-22,-7.43257e-15,3.97189e-22
4.74515e-23,-5.37849e-15,3.03436e-22
2.03989e-22,6.81604e-16,2.32502e-23
2.41478e-22,6.8305e-15,-2.71221e-22
1.38039e-22,8.71838e-15,-3.99052e-22
-4.59604e-23,4.60502e-15,-2.81704e-22
-2.03137e-22,-3.16047e-15,8.72487e-24
-2.41762e-22,-9.41874e-15,2.93793e-22
-1.39293e-22,-9.59182e-15,3.98353e-22
4.44675e-23,-2.98275e-15,2.58163e-22
2.02277e-22,6.36415e-15,-4.06439e-23
2.42036e-22,1.20824e-14,-3.14479e-22
1.40542e-22,9.77652e-15,-3.95097e-22
-4.29729e-23,3.23664e-16,-2.32965e-22
-2.01409e-22,-1.02507e-14,7.2302e-23
-2.42302e-22,-1.45575e-14,3.33146e-22
-1.41786e-22,-8.95273e-15,3.89303e-22
4.14767e-23,3.52651e-15,2.0627e-22
2.00533e-22,1.46839e-14,-1.03496e-22
2.42558e-22,1.64867e-14,-3.49674e-22
1.43024e-22,6.77413e-15,-3.8101e-22
-3.9979e-23,-8.65638e-15,-1.78252e-22
-1.9965e-22,-1.94077e-14,1.34025e-22
-2.42805e-22,-1.74178e-14,3.63957e-22
-1.44257e-22,-2.89484e-15,3.70271e-22
3.84797e-23,1.50506e-14,1.49089e-22
1.98759e-22,2.4022e-14,-1.63694e-22
2.43042e-22,1.68138e-14,-3.75903e-22
1.45484e-22,-2.99189e-15,-3.57155e-22
-3.69789e-23,-2.25462e-14,-1.18969e-22
-1.97861e-22,-2.79656e-14,1.92312e-22
-2.43271e-22,-1.40751e-14,3.85435e-22
-1.46706e-22,1.11025e-14,3.41745e-22
3.54767e-23,3.07869e-14,8.8085e-23
1.96955e-22,3.05079e-14,-2.19695e-22
2.4349e-22,8.57923e-15,-3.92494e-22
1.47922e-22,-2.14997e-14,-3.24142e-22
-3.39732e-23,-3.91788e-14,-5.66355e-23
-1.96042e-22,-3.07572e-14,2.45668e-22
-2.43699e-22,2.59232e-16,3.97032e-22
-1.49133e-22,3.4019e-14,3.04457e-22
3.24683e-23,4.68529e-14,2.48224e-23
1.95121e-22,2.76896e-14,-2.70063e-22
2.439e-22,-1.2908e-14,-3.99021e-22
1.50338e-22,-4.8188e-14,-2.82817e-22
-3.09623e-23,-5.26429e-14,7.15014e-24
-1.94193e-22,-2.0206e-14,2.92725e-22
-2.44091e-22,2.96136e-14,3.98448e-22
-1.51537e-22,6.31454e-14,2.59362e-22
2.9455e-23,5.50856e-14,-3.90767e-23
1.93257e-22,7.22159e-15,-3.13507e-22
2.44273e-22,-5.0278e-14,-3.95316e-22
1.5273e-22,-7.7568e-14,-2.34242e-22
-2.79466e-23,-5.24549e-14,7.07524e-23
-1.92314e-22,1.22071e-14,3.32276e-22
-2.44446e-22,7.43194e-14,3.89647e-22
-1.53918e-22,8.96174e-14,2.07617e-22
2.64372e-23,4.28403e-14,-1.01974e-22
1.91363e-22,-3.87157e-14,-3.48912e-22
2.44609e-22,-1.00528e-13,-3.81476e-22
1.55099e-22,-9.69209e-14,-1.7966e-22
-2.49268e-23,-2.42785e-14,1.32541e-22
-1.90406e-22,7.24275e-14,3.63307e-22
-2.44763e-22,1.26925e-13,3.70856e-22
-1.56275e-22,9.66038e-14,1.50549e-22
2.34154e-23,-5.04965e-15,-1.62256e-22
1.89441e-22,-1.12717e-13,-3.75371e-22
2.44907e-22,-1.50654e-13,-3.57855e-22
1.57445e-22,-8.5391e-14,-1.20471e-22
-2.19031e-23,4.65548e-14,1.9093e-22
-1.88468e-22,1.57956e-13,3.85024e-22
-2.45043e-22,1.67914e-13,3.42556e-22
-1.58609e-22,5.97986e-14,8.96205e-23
2.03899e-23,-1.00904e-13,-2.18379e-22
1.87489e-22,-2.05255e-13,-3.92205e-22
2.45169e-22,-1.73973e-13,-3.25058e-22
1.59766e-22,-1.64302e-14,-5.81942e-23
-1.8876e-23,1.67625e-13,2.44425e-22
-1.86502e-22,2.50242e-13,3.96868e-22
-2.45285e-22,1.63289e-13,3.05473e-22
-1.60918e-22,-4.76058e-14,2.63942e-23
1.73614e-23,-2.44661e-13,-2.68901e-22
1.85509e-22,-2.86903e-13,-3.98983e-22
2.45392e-22,-1.2978e-13,-2.83927e-22
1.62064e-22,1.34156e-13,5.57529e-24
-1.58461e-23,3.27914e-13,2.91652e-22
-1.84508e-22,3.07539e-13,3.98536e-22
-2.4549e-22,6.72639e-14,2.60557e-22
-1.63203e-22,-2.43362e-13,-3.7509e-23
1.43302e-23,-4.10813e-13,-3.1253e-22
1.835e-22,-3.02891e-13,-3.9553e-22
2.45579e-22,2.98982e-14,-2.35515e-22
1.64336e-22,3.72903e-13,6.92018e-23
-1.28138e-23,4.83972e-13,3.31401e-22
-1.82485e-22,2.62494e-13,3.89985e-22
-2.45658e-22,-1.65935e-13,2.08961e-22
-1.65463e-22,-5.17186e-13,-1.0045e-22
1.12969e-23,-5.35015e-13,-3.48144e-22
1.81464e-22,-1.75319e-13,-3.81936e-22
2.45727e-22,3.42585e-13,-1.81065e-22
1.66583e-22,6.66549e-13,1.31054e-22
-9.77953e-24,5.4865e-13,3.62653e-22
-1.80435e-22,3.07538e-14,3.71435e-22
-2.45788e-22,-5.57816e-13,1.52006e-22
-1.67698e-22,-8.06563e-13,-1.60816e-22
8.26181e-24,-5.0711e-13,-3.74832e-22
1.794e-22,1.80032e-13,-3.5855e-22
2.45839e-22,8.04419e-13,-1.21972e-22
1.68805e-22,9.17577e-13,1.89546e-22
-6.74376e-24,3.91055e-13,3.84606e-22
-1.78357e-22,-4.62329e-13,3.43362e-22
-2.45881e-22,-1.06856e-12,9.11546e-23
-1.69907e-22,-9.74631e-13,-2.17058e-22
5.22546e-24,-1.8104e-13,-3.9191e-22
1.77308e-22,8.15763e-13,-3.2597e-22
2.45913e-22,1.32844e-12,-5.97519e-23
1.71002e-22,9.47932e-13,2.43178e-22
-3.70697e-24,-1.40361e-13,3.96697e-22
-1.76252e-22,-1.23188e-12,3.06484e-22
-2.45936e-22,-1.55327e-12,2.79655e-23
-1.7209e-22,-8.04074e-13,-2.67735e-22
2.18833e-24,5.85739e-13,-3.98938e-22
1.75189e-22,1.69155e-12,-2.85031e-22
2.45949e-22,1.70279e-12,4.00036e-24
1.73172e-22,5.08186e-13,2.90574e-22
-6.69604e-25,-1.15935e-12,3.98618e-22
-1.7412e-22,-2.16253e-12,2.61748e-22
-2.45953e-22,-1.72763e-12,-3.59406e-23
-1.74247e-22,-2.71807e-14,-3.11547e-22
-8.49145e-25,1.85302e-12,-3.95738e-22
1.73044e-22,2.59727e-12,-2.36785e-22
2.45948e-22,1.57088e-12,6.76501e-23
1.75315e-22,-6.65788e-13,3.3052e-22
2.36786e-24,-2.64164e-12,3.90317e-22
-1.71962e-22,-2.93162e-12,2.10301e-22
-2.45933e-22,-1.1711e-12,-9.89252e-23
-1.76377e-22,1.58562e-12,-3.47371e-22
-3.88649e-24,3.47865e-12,-3.82391e-22
1.70873e-22,3.08473e-12,-1.82467e-22
2.45909e-22,4.67251e-13,1.29565e-22
1.77432e-22,-2.72843e-12,3.61992e-22
5.40496e-24,-4.29184e-12,3.72009e-22
-1.69777e-22,-2.96084e-12,1.53462e-22
-2.45876e-22,5.94363e-13,-1.59373e-22
-1.78481e-22,4.06381e-12,-3.74288e-22
-6.92324e-24,4.98033e-12,-3.59239e-22
1.68675e-22,2.4534e-12,-1.23471e-22
2.45833e-22,-2.05092e-12,1.88158e-22
1.79522e-22,-5.52669e-12,3.84182e-22
8.44124e-24,-5.41327e-12,3.44162e-22
-1.67566e-22,-1.45234e-12,9.26873e-23
-2.45781e-22,3.91179e-12,-2.15735e-22
-1.80557e-22,7.00955e-12,-3.91609e-22
-9.95893e-24,5.43144e-12,-3.26876e-22
1.66451e-22,-1.4529e-13,-6.13087e-23
2.4572e-22,-6.14534e-12,2.41927e-22
1.81585e-22,-8.35595e-12,3.96521e-22
1.14762e-23,-4.85266e-12,3.07491e-22
-1.6533e-22,2.42071e-12,2.95365e-23
-2.45649e-22,8.66474e-12,-2.66565e-22
-1.82606e-22,9.35666e-12,-3.98888e-22
-1.29931e-23,3.48208e-12,-2.86132e-22
1.64202e-22,-5.41494e-12,2.42537e-24
2.45569e-22,-1.13136e-11,2.89492e-22
1.8362e-22,-9.7501e-12,3.98694e-22
1.45095e-23,-1.12838e-12,2.62935e-22
-1.63069e-22,9.10677e-12,-3.43717e-23
-2.45479e-22,1.38532e-11,-3.10561e-22
-1.84627e-22,9.22866e-12,-3.95939e-22
-1.60253e-23,-2.37335e-12,-2.38051e-22
1.61929e-22,-1.33881e-11,6.60973e-23
2.4538e-22,-1.59532e-11,3.29635e-22
1.85627e-22,-7.45302e-12,3.90643e-22
1.75405e-23,7.13185e-12,2.11638e-22
-1.60782e-22,1.80382e-11,-9.73985e-23
-2.45272e-22,1.71888e-11,-3.46593e-22
-1.86619e-22,4.07611e-12,-3.82839e-22
-1.9055e-23,-1.31631e-11,-1.83867e-22
1.5963e-22,-2.26995e-11,1.28074e-22
2.45154e-22,-1.7047e-11,3.61326e-22
1.87605e-22,1.22155e-12,3.72577e-22
2.05689e-23,2.03483e-11,1.54914e-22
-1.58471e-22,2.68577e-11,-1.57928e-22
-2.45027e-22,1.49452e-11,-3.73739e-22
-1.88584e-22,-8.68434e-12,-3.59922e-22
-2.20819e-23,-2.83886e-11,-1.24968e-22
1.57307e-22,-2.98312e-11,1.86768e-22
2.44891e-22,-1.02662e-11,3.83752e-22
1.89555e-22,1.84217e-11,3.44957e-22
2.35941e-23,3.67601e-11,9.42186e-23
-1.56137e-22,3.07743e-11,-2.14408e-22
-2.44745e-22,2.41153e-12,-3.91302e-22
-1.90519e-22,-3.03372e-11,-3.27777e-22
-2.51054e-23,-4.46742e-11,-6.28646e-23
1.5496e-22,-2.87001e-11,2.40672e-22
2.4459e-22,9.12357e-12,3.96339e-22
1.91476e-22,4.40502e-11,3.08493e-22
2.66157e-23,5.10511e-11,3.1107e-23
-1.53778e-22,2.25288e-11,-2.65391e-22
-2.44426e-22,-2.46532e-11,-3.98831e-22
-1.92426e-22,-5.88143e-11,-2.87227e-22
-2.8125e-23,-5.45129e-11,8.50339e-25
1.52589e-22,-1.1168e-11,2.88406e-22
2.44252e-22,4.41831e-11,3.98763e-22
1.93368e-22,7.34419e-11,2.64118e-22
2.96333e-23,5.34079e-11,-3.28022e-23
-1.51395e-22,-6.37123e-12,-3.09569e-22
-2.44069e-22,-6.72761e-11,-3.96135e-22
-1.94303e-22,-8.62449e-11,-2.39313e-22
-3.11404e-23,-4.58753e-11,6.45435e-23
1.50196e-22,3.08196e-11,3.28744e-22
2.43877e-22,9.29081e-11,3.90963e-22
1.9523e-22,9.50049e-11,2.12972e-22
3.26463e-23,2.99621e-11,-9.58704e-23
-1.4899e-22,-6.24555e-11,-3.45809e-22
-2.43675e-22,-1.19328e-10,-3.83281e-22
-1.9615e-22,-9.69902e-11,-1.85263e-22
-3.4151e-23,-3.79999e-12,1.26582e-22
1.47779e-22,1.00878e-10,3.60654e-22
2.43464e-22,1.43935e-10,3.73139e-22
1.97063e-22,8.90371e-11,1.56365e-22
3.56544e-23,-3.41494e-11,-1.5648e-22
-1.46562e-22,-1.44757e-10,-3.73183e-22
-2.43244e-22,-1.63202e-10,-3.606e-22
-1.97968e-22,-6.77141e-11,-1.26463e-22
-3.71564e-23,8.478e-11,1.85374e-22
1.4534e-22,1.91575e-10,3.83316e-22
2.43015e-22,1.72665e-10,3.45747e-22
1.98865e-22,2.95883e-11,9.57484e-23
3.8657e-23,-1.47962e-10,-2.13078e-22
-1.44112e-22,-2.37396e-10,-3.90988e-22
-2.42776e-22,-1.67009e-10,-3.28673e-22
-1.99755e-22,2.83933e-11,-6.44195e-23
-4.01561e-23,2.22112e-10,2.39414e-22
1.42878e-22,2.76684e-10,3.9615e-22
2.42528e-22,1.40299e-10,3.0949e-22
2.00637e-22,-1.08399e-10,3.2677e-23
4.16537e-23,-3.03736e-10,-2.64212e-22
-1.41639e-22,-3.02226e-10,-3.98768e-22
-2.42271e-22,-8.63626e-11,-2.88319e-22
-2.01512e-22,2.11085e-10,-7.24705e-25
-4.31497e-23,3.86991e-10,2.87315e-22
1.40395e-22,3.05207e-10,3.98826e-22
2.42004e-22,-6.19539e-13,2.65297e-22
2.02379e-22,-3.34869e-10,-3.12322e-23
4.46441e-23,-4.63314e-10,-3.08572e-22
-1.39145e-22,-2.75494e-10,-3.96324e-22
-2.41729e-22,1.25315e-10,-2.40572e-22
-2.03238e-22,4.7513e-10,6.29887e-23
-4.61367e-23,5.21196e-10,3.27849e-22
1.3789e-22,2.02196e-10,3.91277e-22
2.41444e-22,-2.90221e-10,2.14302e-22
2.0409e-22,-6.23407e-10,-9.43407e-23
4.76276e-23,-5.46179e-10,-3.4502e-22
-1.3663e-22,-7.45432e-11,-3.83717e-22
-2.4115e-22,4.94437e-10,-1.86657e-22
-2.04933e-22,7.66668e-10,1.25087e-22
-4.91167e-23,5.21192e-10,3.59977e-22
1.35365e-22,-1.1686e-10,3.73695e-22
2.40846e-22,-7.323e-10,1.57813e-22
2.05769e-22,-8.86781e-10,-1.5503e-22
5.06039e-23,-4.2731e-10,-3.72622e-22
-1.34094e-22,3.78391e-10,-3.61272e-22
-2.40534e-22,9.91934e-10,-1.27955e-22
-2.06597e-22,9.60317e-10,1.83978e-22
-5.20892e-23,2.45064e-10,3.82874e-22
1.32818e-22,-7.11386e-10,3.46531e-22
2.40212e-22,-1.25388e-09,9.72767e-23
2.07417e-22,-9.58853e-10,-2.11745e-22
5.35725e-23,4.36357e-11,-3.90669e-22
-1.31537e-22,1.10981e-09,-3.29564e-22
-2.39881e-22,1.48999e-09,-6.59734e-23
-2.08229e-22,8.49976e-10,2.38152e-22
-5.50538e-23,-4.5288e-10,3.95955e-22
1.30252e-22,-1.5577e-09,3.10482e-22
2.39541e-22,-1.66272e-09,3.42465e-23
2.09034e-22,-5.99151e-10,-2.6303e-22
5.65329e-23,9.89455e-10,-3.98699e-22
-1.28961e-22,2.02668e-09,-2.89406e-22
-2.39192e-22,1.72532e-09,-2.29974e-24
-2.0983e-22,1.72653e-10,2.86219e-22
-5.80099e-23,-1.64892e-09,3.98884e-22
1.27665e-22,-2.47368e-09,2.66472e-22
2.38834e-22,-1.62299e-09,-2.96618e-23
2.10618e-22,4.58331e-10,-3.07571e-22
5.94847e-23,2.41121e-09,-3.96507e-22
-1.26365e-22,2.83938e-09,-2.41827e-22
-2.38467e-22,1.29546e-09,6.14329e-23
-2.11399e-22,-1.31236e-09,3.26948e-22
-6.09572e-23,-3.23611e-09,3.91584e-22
1.25059e-22,-3.04773e-09,2.15629e-22
2.3809e-22,-6.81404e-10,-9.28095e-23
2.12171e-22,2.39121e-09,-3.44226e-22
6.24274e-23,4.05895e-09,-3.84148e-22
-1.23749e-22,3.00719e-09,-1.88047e-22
-2.37705e-22,-2.75263e-10,1.2359e-22
-2.12935e-22,-3.67239e-09,3.59293e-22
-6.38952e-23,-4.78721e-09,3.74245e-22
1.22434e-22,-2.61416e-09,1.59258e-22
2.3731e-22,1.61683e-09,-1.53578e-22
2.13691e-22,5.10114e-09,-3.72054e-22
6.53606e-23,5.29869e-09,-3.61939e-22
-1.21115e-22,1.75929e-09,-1.29446e-22
-2.36907e-22,-3.36108e-09,1.82579e-22
-2.14439e-22,-6.58242e-09,3.82427e-22
-6.68235e-23,-5.44229e-09,3.47309e-22
1.19791e-22,-3.37178e-10,9.88035e-23
2.36494e-22,5.4887e-09,-2.10408e-22
2.15179e-22,7.97412e-09,-3.90344e-22
6.82839e-23,5.0422e-09,-3.3045e-22
-1.18462e-22,-1.74021e-09,-6.75262e-23
-2.36073e-22,-7.92928e-09,2.36886e-22
-2.1591e-22,-9.08233e-09,3.95754e-22
-6.97416e-23,-3.90683e-09,3.11469e-22
1.17129e-22,4.52618e-09,3.58155e-23
2.35642e-22,1.0547e-08,-2.61843e-22
2.16633e-22,9.66051e-09,-3.98624e-22
7.11967e-23,1.84321e-09,-2.90488e-22
-1.15791e-22,-8.01826e-09,-3.87473e-24
-2.35202e-22,-1.31272e-08,2.85119e-22
-2.17348e-22,-9.41403e-09,3.98935e-22
-7.2649e-23,1.32204e-09,2.67642e-22
1.14449e-22,1.21343e-08,-2.80909e-23
2.34754e-22,1.53664e-08,-3.06565e-22
2.18055e-22,8.01215e-09,-3.96684e-22
7.40986e-23,-5.71498e-09,-2.43078e-22
-1.13102e-22,-1.66869e-08,5.98761e-23
-2.34296e-22,-1.6867e-08,3.26042e-22
-2.18754e-22,-5.10909e-09,3.91886e-22
-7.55454e-23,1.13797e-08,2.16953e-22
1.11751e-22,2.13589e-08,-9.12769e-23
2.3383e-22,1.71411e-08,-3.43426e-22
2.19444e-22,3.76069e-10,-3.84572e-22
7.69893e-23,-1.82377e-08,-1.89435e-22
-1.10396e-22,-2.56816e-08,1.22092e-22
-2.33354e-22,-1.56255e-08,3.58605e-22
-2.20125e-22,6.45473e-09,3.74789e-22
-7.84302e-23,2.60437e-08,1.60701e-22
1.09037e-22,2.90222e-08,-1.52123e-22
2.3287e-22,1.17114e-08,-3.71481e-22
2.20799e-22,-1.55338e-08,-3.626e-22
7.98682e-23,-3.43403e-08,-1.30935e-22
-1.07674e-22,-3.05818e-08,1.81177e-22
-2.32377e-22,-4.79297e-09,3.81973e-22
-2.21464e-22,2.68268e-08,3.48083e-22
-8.13031e-23,4.24164e-08,1.00329e-22
1.06306e-22,2.94134e-08,-2.09068e-22
2.31875e-22,-5.66437e-09,-3.90012e-22
2.2212e-22,-4.00378e-08,-3.31331e-22
8.27349e-23,-4.92772e-08,-6.90781e-23
-1.04935e-22,-2.44619e-08,2.35617e-22
-2.31364e-22,2.00333e-08,3.95547e-22
-2.22768e-22,5.45285e-08,3.12451e-22
-8.41636e-23,5.36305e-08,3.73839e-23
1.03559e-22,1.46356e-08,-2.60652e-22
2.30844e-22,-3.84129e-08,-3.98543e-22
2.23407e-22,-6.92414e-08,-2.91566e-22
8.5589e-23,-5.39025e-08,-5.44967e-24
-1.0218e-22,1.08891e-09,2.84015e-22
-2.30316e-22,6.04983e-08,3.98979e-22
-2.24038e-22,8.26344e-08,2.68809e-22
-8.70112e-23,4.82901e-08,-2.65195e-23
1.00796e-22,-2.35224e-08,-3.05554e-22
2.29778e-22,-8.544e-08,-3.96854e-22
2.24661e-22,-9.26428e-08,-2.44325e-22
8.84301e-23,-3.48622e-08,5.83184e-23
-9.94088e-23,5.3081e-08,3.25131e-22
-2.29232e-22,1.11701e-07,3.92181e-22
-2.25275e-22,9.66819e-08,2.18273e-22
-8.98456e-23,1.17193e-08,-8.97429e-23
9.80178e-23,-8.95679e-08,-3.42621e-22
2.28677e-22,-1.3693e-07,-3.8499e-22
2.2588e-22,-9.17088e-08,-1.9082e-22
9.12576e-23,2.27814e-08,1.20591e-22
-9.6623e-23,1.31929e-07,3.57911e-22
-2.28114e-22,1.57869e-07,3.75328e-22
-2.26476e-22,7.43629e-08,1.62142e-22
-9.26662e-23,-6.97313e-08,-1.50665e-22
9.52245e-23,-1.78e-07,-3.70903e-22
2.27542e-22,-1.70324e-07,-3.63255e-22
2.27064e-22,-4.12013e-08,-1.32422e-22
9.40713e-23,1.2931e-07,1.79772e-22
-9.38224e-23,2.2426e-07,3.81513e-22
-2.26961e-22,1.69221e-07,3.48851e-22
-2.27644e-22,-1.09529e-08,1.01852e-22
-9.54728e-23,-2.00367e-07,-2.07725e-22
9.24167e-23,-2.65641e-07,-3.89674e-22
2.26371e-22,-1.48794e-07,-3.32206e-22
2.28215e-22,8.4542e-08,-7.06288e-23
9.68706e-23,2.79978e-07,2.34343e-22
-9.10075e-23,2.95415e-07,3.95334e-22
-2.25773e-22,1.02925e-07,3.13429e-22
-2.28776e-22,-1.80681e-07,3.89517e-23
-9.82647e-23,-3.6299e-07,-2.59458e-22
8.95948e-23,-3.05224e-07,-3.98455e-22
2.25166e-22,-2.56701e-08,-2.92639e-22
2.2933e-22,2.98461e-07,-7.02452e-24
9.96551e-23,4.41638e-07,2.82906e-22
-8.81787e-23,2.85304e-07,3.99018e-22
-2.24551e-22,-8.80013e-08,2.69971e-22
-2.29874e-22,-4.34163e-07,-2.49478e-23
-1.01042e-22,-5.05268e-07,-3.04538e-22
8.67593e-23,-2.2496e-07,-3.97019e-22
2.23927e-22,2.41249e-07,-2.45569e-22
2.3041e-22,5.80463e-07,5.67599e-23
1.02424e-22,5.40271e-07,3.24215e-22
-8.53365e-23,1.13352e-07,3.92471e-22
-2.23295e-22,-4.34197e-07,2.1959e-22
-2.30937e-22,-7.25671e-07,-8.82075e-23
-1.03803e-22,-5.30312e-07,-3.4181e-22
8.39105e-23,5.93576e-08,-3.85403e-22
2.22654e-22,6.62605e-07,-1.92202e-22
2.31455e-22,8.53143e-07,1.19089e-22
1.05178e-22,4.56973e-07,3.57211e-22
-8.24812e-23,-3.00478e-07,3.75861e-22
-2.22004e-22,-9.1644e-07,1.6358e-22
-2.31964e-22,-9.40978e-07,-1.49206e-22
-1.06549e-22,-3.00888e-07,-3.70318e-22
8.10489e-23,6.12874e-07,-3.63905e-22
2.21346e-22,1.17848e-06,-1.33907e-22
2.32465e-22,9.6218e-07,1.78364e-22
1.07916e-22,4.34964e-08,3.81048e-22
-7.96134e-23,-9.92716e-07,3.49613e-22
-2.2068e-22,-1.4231e-06,1.03375e-22
-2.32956e-22,-8.85442e-07,-2.06378e-22
-1.09279e-22,3.30542e-07,-3.89331e-22
7.81749e-23,1.427e-06,-3.33077e-22
2.20005e-22,1.61551e-06,-7.21784e-23
2.33439e-22,6.76768e-07,2.33067e-22
1.10637e-22,-8.30244e-07,3.95114e-22
-7.67334e-23,-1.89102e-06,3.14402e-22
-2.19322e-22,-1.71159e-06,4.05189e-23
-2.33913e-22,-3.02087e-07,-2.58259e-22
-1.11991e-22,1.45455e-06,-3.98361e-22
7.5289e-23,2.34601e-06,-2.93708e-22
2.1863e-22,1.6588e-06,-8.59926e-24
2.34378e-22,-2.68986e-07,2.81793e-22
1.13341e-22,-2.18805e-06,3.9905e-22
-7.38418e-23,-2.73738e-06,2.71129e-22
-2.1793e-22,-1.39836e-06,-2.33756e-23
-2.34834e-22,1.05816e-06,-3.03518e-22
-1.14687e-22,2.99651e-06,-3.97177e-22
7.23917e-23,2.99392e-06,-2.46809e-22
2.17222e-22,8.6906e-07,5.52004e-23
2.35281e-22,-2.0723e-06,3.23294e-22
1.16028e-22,-3.82245e-06,3.92754e-22
-7.09388e-23,-3.02849e-06,2.20904e-22
-2.16506e-22,-1.30743e-08,-8.66708e-23
-2.35719e-22,3.29618e-06,-3.40994e-22
-1.17365e-22,4.58148e-06,-3.85809e-22
6.94833e-23,2.74082e-06,-1.93581e-22
2.15781e-22,-1.21619e-06,1.17585e-22
2.36148e-22,-4.68462e-06,3.56505e-22
1.18698e-22,-5.16003e-06,3.76387e-22
-6.80251e-23,-2.02298e-06,1.65015e-22
-2.15048e-22,2.84397e-06,-1.47744e-22
-2.36568e-22,6.15448e-06,-3.69728e-22
-1.20026e-22,5.41525e-06,-3.64549e-22
6.65643e-23,7.68046e-07,-1.3539e-22
2.14307e-22,-4.86211e-06,1.76954e-22
2.36979e-22,-7.57744e-06,3.80576e-22
1.21349e-22,-5.1783e-06,3.5037e-22
-6.5101e-23,1.11753e-06,1.04895e-22
-2.13558e-22,7.21544e-06,-2.05028e-22
-2.37381e-22,8.77468e-06,-3.88981e-22
-1.22668e-22,4.26176e-06,-3.33942e-22
6.36351e-23,-3.6977e-06,-7.37269e-23
2.128e-22,-9.78747e-06,2.31786e-22
2.37774e-22,-9.5148e-06,3.94889e-22
1.23982e-22,-2.47251e-06,3.15369e-22
-6.21669e-23,6.98685e-06,4.20855e-23
-2.12035e-22,1.23868e-05,-2.57056e-22
-2.38158e-22,9.51685e-06,-3.98261e-22
-1.25291e-22,-3.69277e-07,-2.94772e-22
6.06963e-23,-1.09267e-05,-1.01739e-23
2.11261e-22,-1.47358e-05,2.80675e-22
2.38533e-22,-8.45999e-06,3.99076e-22
1.26596e-22,4.40434e-06,2.72282e-22
-5.92234e-23,1.5361e-05,-2.18031e-23
-2.10479e-22,1.64642e-05,-3.02493e-22
-2.38898e-22,6.00195e-06,-3.97329e-22
-1.27895e-22,-9.70167e-06,-2.48044e-22
5.77482e-23,-2.0011e-05,5.364e-23
2.09689e-22,-1.71098e-05,3.22368e-22
2.39255e-22,-1.80782e-06,3.93031e-22
1.2919e-22,1.62196e-05,2.22214e-22
-5.62708e-23,2.44523e-05,-8.51326e-23
-2.08892e-22,1.61306e-05,-3.40173e-22
-2.39602e-22,-4.40945e-06,-3.8621e-22
-1.3048e-22,-2.37626e-05,-1.94957e-22
5.47913e-23,-2.80997e-05,1.16079e-22
2.08086e-22,-1.29297e-05,3.55795e-22
2.39941e-22,1.28363e-05,3.76908e-22
1.31765e-22,3.19358e-05,1.66448e-22
-5.33096e-23,3.02024e-05,-1.46279e-22
-2.07272e-22,6.89858e-06,-3.69132e-22
-2.4027e-22,-2.34941e-05,-3.65187e-22
-1.33045e-22,-4.01029e-05,-1.3687e-22
5.1826e-23,-2.9855e-05,1.75541e-22
2.06451e-22,2.52054e-06,3.80099e-22
2.4059e-22,3.6165e-05,3.51122e-22
1.3432e-22,4.73516e-05,1.06414e-22
-5.03404e-23,2.60321e-05,-2.03675e-22
-2.05621e-22,-1.57504e-05,-3.88625e-22
-2.40901e-22,-5.03125e-05,-3.34802e-22
-1.35589e-22,-5.2476e-05,-7.52743e-23
4.88528e-23,-1.76497e-05,2.30502e-22
2.04784e-22,3.29729e-05,3.94657e-22
2.41202e-22,6.50025e-05,3.16332e-22
1.36854e-22,5.39825e-05,4.36514e-23
-4.73634e-23,3.66075e-06,-2.55849e-22
-2.03939e-22,-5.40047e-05,-3.98155e-22
-2.41495e-22,-7.88348e-05,-2.95832e-22
-1.38113e-22,-5.01318e-05,-1.17483e-23
4.58722e-23,1.68123e-05,2.79553e-22
2.03086e-22,7.8158e-05,3.99096e-22
2.41778e-22,8.98963e-05,2.73432e-22
1.39367e-22,3.90258e-05,-2.02302e-23
-4.43792e-23,-4.43062e-05,-3.01463e-22
-2.02226e-22,-0.000104099,-3.97475e-22
-2.42052e-22,-9.57518e-05,-2.49276e-22
-1.40616e-22,-1.87498e-05,5.20789e-23
4.28845e-23,7.88087e-05,3.21437e-22
2.01357e-22,0.000129716,3.93302e-22
2.42317e-22,9.34879e-05,2.23521e-22
1.41859e-22,-1.24216e-05,-8.35932e-23
-4.13883e-23,-0.000119522,-3.39347e-22
-2.00481e-22,-0.000152015,-3.86604e-22
-2.42573e-22,-7.98297e-05,-1.9633e-22
-1.43097e-22,5.57498e-05,1.14571e-22
3.98904e-23,0.00016461,3.55078e-22
1.99598e-22,0.000167072,3.77424e-22
2.42819e-22,5.13488e-05,1.67878e-22
1.4433e-22,-0.00011169,-1.44813e-22
-3.8391e-23,-0.000210952,-3.6853e-22
-1.98707e-22,-0.000170063,-3.6582e-22
-2.43056e-22,-4.77845e-06,-1.38349e-22
-1.45557e-22,0.000179492,1.74125e-22
3.68901e-23,0.000253932,3.79615e-22
1.97808e-22,0.000155416,3.51868e-22
2.43284e-22,-6.2553e-05,1.07931e-22
1.46778e-22,-0.000256756,-2.02319e-22
-3.53879e-23,-0.000287304,-3.88264e-22
-1.96901e-22,-0.000117099,-3.35657e-22
-2.43502e-22,0.000152165,-7.68205e-23
-1.47994e-22,0.00033899,2.29215e-22
3.38842e-23,0.000303177,3.94419e-22
1.95988e-22,4.90988e-05,3.1729e-22
2.43712e-22,-0.000263758,4.52167e-23
1.49204e-22,-0.000419194,-2.54638e-22
-3.23793e-23,-0.000292183,-3.98042e-22
-1.95066e-22,5.39073e-05,-2.96887e-22
-2.43912e-22,0.000394451,-1.33226e-23
-1.50409e-22,0.000487555,2.78427e-22
3.08732e-23,0.000243876,3.9911e-22
1.94137e-22,-0.000195653,2.74577e-22
2.44102e-22,-0.000537988,-1.8657e-23
1.51608e-22,-0.000531316,-3.00428e-22
-2.93659e-23,-0.000147428,-3.97615e-22
-1.93201e-22,0.000377182,-2.50505e-22
-2.44283e-22,0.000683963,5.05169e-23
-1.52801e-22,0.000534917,3.205e-22
2.78574e-23,-7.33224e-06,3.93567e-22
1.92258e-22,-0.000595559,2.24824e-22
2.44455e-22,-0.000817179,-8.20524e-23
1.53988e-22,-0.000480515,-3.38515e-22
-2.63479e-23,0.0002285,-3.86992e-22
-1.91307e-22,0.000842471,-1.97699e-22
-2.44618e-22,0.000917259,1.13061e-22
-1.55169e-22,0.000348971,3.54356e-22
2.48374e-23,-0.000520291,3.77933e-22
1.90349e-22,-0.00110282,1.69306e-22
2.44772e-22,-0.000958666,-1.43344e-22
1.56344e-22,-0.000121427,-3.67922e-22
-2.3326e-23,0.000880889,-3.66447e-22
-1.89383e-22,0.00135344,-1.39825e-22
-2.44916e-22,0.000911301,1.72706e-22
-1.57514e-22,-0.000218478,3.79126e-22
2.18137e-23,-0.00130003,3.52609e-22
1.88411e-22,-0.00156221,1.09447e-22
2.4505e-22,-0.000741878,-2.0096e-22
1.58677e-22,0.0006817,-3.87896e-22
-2.03005e-23,0.00175645,-3.36506e-22
-1.87431e-22,0.0016877,-7.83655e-23
-2.45176e-22,0.000416248,2.27923e-22
-1.59835e-22,-0.00127022,3.94175e-22
1.87865e-23,-0.00221554,3.18243e-22
1.86444e-22,-0.00167975,4.67812e-23
2.45292e-22,9.71808e-05,-2.53423e-22
1.60986e-22,0.00197292,-3.97923e-22
-1.72719e-23,0.00262732,-2.97937e-22
-1.8545e-22,0.00148128,-1.48966e-23
-2.45398e-22,-0.000822808,2.77296e-22
-1.62131e-22,-0.00276116,3.99117e-22
1.57565e-23,-0.00292538,2.75718e-22
1.84449e-22,-0.00103166,-1.70836e-23
2.45496e-22,0.001772,-2.99389e-22
1.6327e-22,0.0035843,-3.97748e-22
-1.42406e-23,0.00302715,-2.51729e-22
-1.8344e-22,0.000271847,4.89541e-23
-2.45584e-22,-0.00293616,3.19559e-22
-1.64403e-22,-0.00436584,3.93826e-22
1.27242e-23,-0.00283602,2.26123e-22
1.82425e-22,0.000848283,-8.05104e-23
2.45662e-22,0.00427904,-3.37678e-22
1.65529e-22,0.00500068,-3.87374e-22
-1.12072e-23,0.00224604,-1.99066e-22
-1.81403e-22,-0.0023605,1.1155e-22
-2.45731e-22,-0.00572871,3.53629e-22
-1.66649e-22,-0.0053544,3.78436e-22
9.68983e-24,-0.00114968,1.70731e-22
1.80374e-22,0.00426672,-1.41873e-22
2.45791e-22,0.00717013,-3.67309e-22
1.67763e-22,0.0052655,-3.67068e-22
-8.17208e-24,-0.00055095,-1.41299e-22
-1.79338e-22,-0.00652582,1.71285e-22
-2.45842e-22,-0.00843919,3.78631e-22
-1.68871e-22,-0.00455162,3.53344e-22
6.65403e-24,0.00292893,1.1096e-22
1.78295e-22,0.00903948,-1.99598e-22
2.45883e-22,0.00931971,-3.87522e-22
1.69972e-22,0.00302078,-3.3735e-22
-5.13571e-24,-0.00601367,-7.99092e-23
-1.77246e-22,-0.0116384,2.26629e-22
-2.45914e-22,-0.00954486,3.93925e-22
-1.71066e-22,-0.000488582,3.19191e-22
3.61721e-24,0.00976866,4.83451e-23
1.7619e-22,0.0140701,-2.52205e-22
2.45937e-22,0.00880489,-3.97798e-22
1.72154e-22,-0.00319794,-2.98983e-22
-2.09856e-24,-0.0140669,-1.64705e-23
-1.75126e-22,-0.0159913,2.76161e-22
-2.4595e-22,-0.00676298,3.99118e-22
-1.73235e-22,0.00812966,2.76855e-22
5.79833e-25,0.0186656,-1.55099e-23
1.74057e-22,0.0169661,-2.98345e-22
2.45953e-22,0.00308099,-3.97875e-22
1.7431e-22,-0.0142983,-2.52949e-22
9.38915e-25,-0.0231834,4.73906e-23
-1.7298e-22,-0.0164751,3.18613e-22
-2.45947e-22,0.00254346,3.94078e-22
-1.75378e-22,0.0215541,2.27419e-22
-2.45763e-24,0.0270818,-7.89671e-23
1.71897e-22,0.0139361,-3.36836e-22
2.45932e-22,-0.0103278,-3.87751e-22
1.7644e-22,-0.0295614,-2.0043e-22
3.97625e-24,-0.0296577,1.10037e-22
-1.70808e-22,-0.00874232,3.52896e-22
-2.45908e-22,0.0203433,3.78934e-22
-1.77495e-22,0.0377549,1.72153e-22
-5.49471e-24,0.0300498,-1.404e-22
1.69712e-22,0.000318935,-3.6669e-22
2.45874e-22,-0.0324438,-3.67684e-22
1.78543e-22,-0.045303,-1.42771e-22
7.01297e-24,-0.027266,1.69861e-22
-1.68609e-22,0.0117989,3.7813e-22
-2.45831e-22,0.0461876,3.54073e-22
-1.79584e-22,0.0510849,1.12472e-22
-8.53096e-24,0.0202365,-1.98232e-22
1.67501e-22,-0.0278664,-3.87142e-22
2.45778e-22,-0.0607578,-3.3819e-22
1.80618e-22,-0.0536895,-8.14518e-23
1.00486e-23,-0.00790012,2.2533e-22
-1.66385e-22,0.04781,3.93668e-22
-2.45716e-22,0.0748909,3.20134e-22
-1.81645e-22,0.0514465,4.99081e-23
-1.15659e-23,-0.0106746,-2.50982e-22
1.65264e-22,-0.0710924,-3.97667e-22
2.45644e-22,-0.0868232,-3.00024e-22
1.82666e-22,-0.0425001,-1.8044e-23
1.30827e-23,0.0361291,2.75022e-22
-1.64136e-22,0.0965713,3.99113e-22
-2.45564e-22,0.0942699,2.77987e-22
-1.83679e-22,0.0249349,-1.39359e-23
-1.45991e-23,-0.0686169,-2.97296e-22
1.63001e-22,-0.122363,-3.97997e-22
2.45473e-22,-0.0944534,-2.54165e-22
1.84686e-22,0.003037,4.58263e-23
1.61149e-23,0.107575,3.17662e-22
-1.61861e-22,0.145732,3.94325e-22
-2.45374e-22,0.0841982,2.28712e-22
-1.85685e-22,-0.0428209,-7.74226e-23
-1.763e-23,-0.151477,-3.35988e-22
1.60714e-22,-0.163023,-3.88121e-22
2.45265e-22,-0.060112,-2.0179e-22
1.86678e-22,0.0951174,1.08522e-22
1.91445e-23,0.197579,3.52157e-22
-1.59562e-22,0.169671,3.79425e-22
-2.45147e-22,0.0188693,1.73573e-22
-1.87663e-22,-0.159538,-1.38924e-22
-2.06583e-23,-0.241705,-3.66065e-22
1.58403e-22,-0.160311,-3.68294e-22
2.45019e-22,0.0423893,-1.44241e-22
1.88641e-22,0.234174,1.68435e-22
2.21713e-23,0.278081,3.77623e-22
-1.57238e-22,0.129033,3.54798e-22
-2.44882e-22,-0.125537,1.13983e-22
-1.89612e-22,-0.315154,-1.96864e-22
-2.36834e-23,-0.299291,-3.86756e-22
1.56067e-22,-0.0698006,-3.39023e-22
2.44736e-22,0.230821,-8.2993e-23
1.90576e-22,0.396212,2.24029e-22
2.51947e-23,0.296385,3.93406e-22
-1.5489e-22,-0.0229345,3.21072e-22
-2.44581e-22,-0.356134,5.14704e-23
-1.91532e-22,-0.468359,-2.49755e-22
-2.67049e-23,-0.259211,-3.9753e-22
1.53708e-22,0.153397,-3.0106e-22
2.44416e-22,0.49622,-1.96173e-23
1.92482e-22,0.519687,2.73879e-22
2.82142e-23,0.177024,3.99102e-22
-1.52519e-22,-0.323447,2.79115e-22
-2.44241e-22,-0.641897,-1.23617e-23
-1.93423e-22,-0.535438,-2.96243e-22
-2.97224e-23,-0.0394242,-3.98111e-22
1.51325e-22,0.531343,-2.55378e-22
2.44058e-22,0.779371,4.42614e-23
1.94358e-22,0.498404,3.16706e-22
3.12294e-23,-0.162336,3.94565e-22
-1.50125e-22,-0.770373,2.30001e-22
-2.43865e-22,-0.889768,-7.58768e-23
-1.95285e-22,-0.389782,-3.35135e-22
-3.27353e-23,0.433659,-3.88485e-22
1.48919e-22,1.02744,-2.03147e-22
2.43663e-22,0.949034,1.07005e-22
1.96204e-22,0.190571,3.51413e-22
3.42399e-23,-0.774543,3.79911e-22
-1.47707e-22,-1.28176,1.7499e-22
-2.43452e-22,-0.928358,-1.37446e-22
-1.97116e-22,0.116394,-3.65435e-22
-3.57432e-23,1.17725,-3.68898e-22
1.4649e-22,1.50381,-1.45708e-22
2.43231e-22,0.79532,1.67005e-22
1.98021e-22,-0.543736,3.7711e-22
3.72451e-23,-1.62377,3.55516e-22
-1.45267e-22,-1.65484,1.15491e-22
-2.43001e-22,-0.515926,-1.95492e-22
-1.98918e-22,1.09615,-3.86364e-22
-3.87456e-23,2.08344,-3.39852e-22
1.44039e-22,1.6872,-8.4533e-23
2.42762e-22,0.0577178,2.22723e-22
1.99807e-22,-1.76645,3.93137e-22
4.02447e-23,-2.51076,3.22006e-22
-1.42805e-22,-1.54573,5.30319e-23
-2.42513e-22,0.605952,-2.48525e-22
-2.00689e-22,2.53121,-3.97387e-22
-4.17422e-23,2.84409,-3.02092e-22
1.41566e-22,1.17067,-2.11903e-23
2.42255e-22,-1.49042,2.72731e-22
2.01563e-22,-3.34627,3.99085e-22
4.32381e-23,-3.0055,2.80239e-22
-1.40321e-22,-0.502329,-1.07873e-23
-2.41988e-22,2.59311,-2.95186e-22
-2.0243e-22,4.14274,-3.9822e-22
-4.47323e-23,2.90232,-2.56586e-22
1.39071e-22,-0.51226,4.26957e-23
2.41712e-22,-3.88601,3.15745e-22
2.03289e-22,-4.82383,3.94799e-22
4.62249e-23,-2.43113,2.31286e-22
-1.37816e-22,1.91051,-7.43299e-23
-2.41427e-22,5.30776,-3.34278e-22
-2.0414e-22,5.26359,-3.88843e-22
-4.77157e-23,1.48453,-2.04502e-22
1.36555e-22,-3.70338,1.05487e-22
2.41132e-22,-6.75601,3.50664e-22
2.04983e-22,-5.30821,3.80391e-22
4.92047e-23,0.0385696,1.76404e-22
-1.3529e-22,5.8626,-1.35967e-22
-2.40828e-22,8.08098,-3.64799e-22
-2.05818e-22,4.78109,-3.69496e-22
-5.06918e-23,-2.21896,-1.47173e-22
1.34019e-22,-8.30688,1.65573e-22
2.40515e-22,-9.08159,3.76591e-22
2.06646e-22,-3.49258,3.56229e-22
5.21769e-23,5.09936,1.16998e-22
-1.32743e-22,10.8878,-1.94117e-22
-2.40193e-22,9.50551,-3.85966e-22
-2.07465e-22,1.25544,-3.40675e-22
-5.36601e-23,-8.66305,-8.60716e-23
1.31462e-22,-13.3774,2.21415e-22
2.39862e-22,-9.05504,3.92863e-22
2.08277e-22,2.09326,3.22934e-22
5.51413e-23,12.81,5.45926e-23
-1.30175e-22,15.4587,-2.47291e-22
-2.39521e-22,7.40052,-3.97237e-22
-2.09081e-22,-6.66343,-3.03119e-22
-5.66203e-23,-17.3317,-2.2763e-23
1.28884e-22,-16.7225,2.71579e-22
2.39171e-22,-4.20319,3.99061e-22
2.09877e-22,12.4767,2.81358e-22
5.80972e-23,21.8876,-9.21276e-24
-1.27588e-22,16.6731,-2.94123e-22
-2.38813e-22,-0.851041,-3.98323e-22
-2.10665e-22,-19.4258,-2.57791e-22
-5.95718e-23,-25.9849,4.11293e-23
1.26288e-22,-14.7455,3.14779e-22
2.38445e-22,8.00592,3.95027e-22
2.11445e-22,27.23,2.32568e-22
6.10442e-23,28.9683,-7.27819e-23
-1.24982e-22,10.3385,-3.33414e-22
-2.38068e-22,-17.3772,-3.89195e-22
-2.12216e-22,-35.3919,-2.05853e-22
-6.25143e-23,-30.0217,1.03967e-22
1.23671e-22,-2.86598,3.49909e-22
2.37682e-22,28.8839,3.80865e-22
2.1298e-22,43.1578,1.77815e-22
6.39819e-23,28.1895,-1.34485e-22
-1.22356e-22,-8.17158,-3.64157e-22
-2.37287e-22,-42.1723,-3.70089e-22
-2.13736e-22,-49.4909,-1.48636e-22
-6.54472e-23,-22.4221,1.64139e-22
1.21037e-22,23.0936,3.76067e-22
2.36883e-22,56.5365,3.56937e-22
2.14483e-22,53.0637,1.18503e-22
6.69099e-23,11.6527,-1.9274e-22
-1.19712e-22,-41.9256,-3.85562e-22
-2.3647e-22,-70.8443,-3.41493e-22
-2.15222e-22,-52.2792,-8.7609e-23
-6.83701e-23,5.09228,2.20102e-22
1.18383e-22,64.2688,3.92582e-22
2.36047e-22,83.4777,3.23857e-22
2.15953e-22,45.3321,5.61524e-23
6.98277e-23,-28.5438,-2.46052e-22
-1.1705e-22,-89.1604,-3.97081e-22
-2.35616e-22,-92.3026,-3.04141e-22
-2.16676e-22,-30.3192,-2.43353e-23
-7.12826e-23,59.0034,2.70422e-22
1.15712e-22,114.935,3.99031e-22
2.35176e-22,94.682,2.82473e-22
2.1739e-22,5.40874,-7.63807e-24
7.27348e-23,-96.1232,-2.93056e-22
-1.14369e-22,-139.107,-3.98419e-22
-2.34727e-22,-87.5512,-2.58991e-22
-2.18097e-22,30.9245,3.95624e-23
-7.41842e-23,138.663,3.13808e-22
1.13023e-22,158.287,3.95249e-22
2.34269e-22,67.5732,2.33846e-22
2.18795e-22,-79.5962,-7.12327e-23
7.56308e-23,-184.238,-3.32546e-22
-1.11672e-22,-168.172,-3.89541e-22
-2.33802e-22,-31.3923,-2.072e-22
-2.19484e-22,140.546,1.02446e-22
-7.70745e-23,229.094,3.49148e-22
1.10316e-22,163.622,3.81333e-22
2.33326e-22,-24.0005,1.79224e-22
2.20165e-22,-212.319,-1.33001e-22
7.85153e-23,-267.922,-3.63509e-22
-1.08957e-22,-138.876,-3.70676e-22
-2.32841e-22,100.782,-1.50097e-22
-2.20838e-22,291.625,1.62702e-22
-7.99531e-23,293.78,3.75536e-22
1.07593e-22,87.9145,3.57639e-22
2.32347e-22,-199.692,1.20006e-22
2.21503e-22,-372.903,-1.91359e-22
8.13878e-23,-298.155,-3.85152e-22
-1.06225e-22,-5.02697,-3.42306e-22
-2.31845e-22,319.328,-8.91449e-23
-2.22158e-22,447.96,2.18787e-22
-8.28194e-23,271.227,3.92295e-22
1.04853e-22,-114.424,3.24775e-22
2.31333e-22,-455.37,5.77113e-23
2.22806e-22,-505.735,-2.4481e-22
8.42479e-23,-202.399,-3.96919e-22
-1.03478e-22,273.02,-3.05159e-22
-2.30813e-22,599.795,-2.59072e-23
-2.23445e-22,532.287,2.69262e-22
-8.56732e-23,81.1343,3.98995e-22
1.02098e-22,-470.102,2.83583e-22
2.30284e-22,-740.162,-6.06325e-24
2.24075e-22,-511.097,-2.91985e-22
8.70952e-23,101.84,-3.98509e-22
-1.00714e-22,700.44,-2.60187e-22
-2.29746e-22,859.075,3.79948e-23
-2.24697e-22,423.787,3.12833e-22
-8.85138e-23,-352.952,3.95465e-22
9.93267e-23,-952.83,2.35121e-22
2.292e-22,-933.974,-6.96824e-23
2.25311e-22,-251.358,-3.31672e-22
8.99291e-23,673.836,-3.89881e-22
-9.79354e-23,1208.74,-2.08545e-22
-2.28644e-22,937.4,1.00923e-22
-2.25915e-22,-23.9602,3.48383e-22
-9.1341e-23,-1059.07,3.81795e-22
9.65404e-23,-1441.21,1.8063e-22
2.2808e-22,-837.925,-1.31515e-22
2.26511e-22,416.201,-3.62856e-22
9.27494e-23,1493.69,-3.71257e-22
-9.51417e-23,1614.17,-1.51555e-22
-2.27508e-22,601.929,1.61263e-22
-2.27099e-22,-932.474,3.75e-22
-9.41542e-23,-1950.77,3.58335e-22
9.37394e-23,-1682.5,1.21507e-22
2.26926e-22,-196.391,-1.89975e-22
2.27678e-22,1569.16,-3.84736e-22
9.55555e-23,2389.15,-3.43113e-22
-9.23335e-23,1593.14,-9.06795e-23
-2.26336e-22,-407.171,2.17468e-22
-2.28248e-22,-2307.66,3.92002e-22
-9.69531e-23,-2751.89,3.25688e-22
9.09241e-23,-1287.56,5.92694e-23
2.25738e-22,1227.56,-2.43564e-22
2.28809e-22,3109.97,-3.96751e-22
9.8347e-23,2965.75,-3.06171e-22
-8.95112e-23,705.855,-2.74787e-23
-2.2513e-22,-2267.61,2.68097e-22
-2.29362e-22,-3914.46,3.98953e-22
-9.97372e-23,-2942.24,2.8469e-22
8.80949e-23,207.128,-4.48835e-24
2.24514e-22,3506.9,-2.90909e-22
2.29906e-22,4632.47,-3.98593e-22
1.01124e-22,2580.86,-2.6138e-22
-8.66752e-23,-1493.62,3.64266e-23
-2.2389e-22,-4893.98,3.11852e-22
-2.30441e-22,-5146.5,3.95674e-22
-1.02506e-22,-1775.11,2.36392e-22
8.52523e-23,3172.6,-6.8131e-23
2.23257e-22,6338.58,-3.30794e-22
2.30968e-22,5310.69,-3.90215e-22
1.03885e-22,421.691,-2.09886e-22
-8.38261e-23,-5227.58,9.93979e-23
-2.22615e-22,-7704.8,3.47611e-22
-2.31485e-22,-4954.8,3.82251e-22
-1.05259e-22,1566.58,1.82033e-22
8.23967e-23,7593.05,-1.30027e-22
2.21966e-22,8806.46,-3.62197e-22
2.31994e-22,3892.55,-3.71832e-22
1.0663e-22,-4244.06,-1.53011e-22
-8.09641e-23,-10140.5,1.59821e-22
-2.21307e-22,-9405.97,3.74458e-22
-2.32494e-22,-1935.42,3.59026e-22
-1.07996e-22,7611.93,1.23007e-22
7.95285e-23,12665.1,-1.88588e-22
2.2064e-22,9218.44,-3.84314e-22
2.32985e-22,-1087.36,-3.43915e-22
1.09359e-22,-11595.1,-9.22126e-23
-7.80898e-23,-14876.1,2.16145e-22
-2.19965e-22,-7922.88,3.91703e-22
-2.33467e-22,5302.08,3.26596e-22
-1.10717e-22,16017.1,6.08265e-23
7.66481e-23,16390.8,-2.42315e-22
2.19281e-22,5182.27,-3.96576e-22
2.33941e-22,-10757.1,-3.07179e-22
1.12071e-22,-20576.3,-2.90498e-23
-7.52036e-23,-16738.2,2.66928e-22
-2.18589e-22,-674.108,3.98904e-22
-2.34405e-22,17383.8,2.85791e-22
-1.13421e-22,24824.6,-2.91337e-24
7.37561e-23,15372.5,-2.89828e-22
2.17889e-22,-5867.34,-3.98671e-22
2.34861e-22,-24953,-2.62568e-22
1.14766e-22,-28153.6,3.48578e-23
-7.23059e-23,-11701.7,3.10867e-22
-2.1718e-22,14596.8,3.95878e-22
-2.35307e-22,33031.3,2.37659e-22
-1.16108e-22,29793.6,-6.65785e-23
7.08529e-23,5133.27,-3.2991e-22
2.16463e-22,-25492.7,-3.90543e-22
2.35745e-22,-40940.2,-2.11224e-22
1.17444e-22,-28828.1,9.78717e-23
-6.93972e-23,4859.91,3.46835e-22
-2.15738e-22,38282.5,3.82701e-22
-2.36173e-22,47725.5,1.83433e-22
-1.18776e-22,24232.8,-1.28537e-22
6.79388e-23,-18652.7,-3.61533e-22
2.15005e-22,-52364.8,-3.72401e-22
2.36593e-22,-52143.4,-1.54465e-22
1.20104e-22,-14943,1.58376e-22
-6.64779e-23,36359.4,3.7391e-22
-2.14263e-22,66732.7,3.59711e-22
-2.37003e-22,52673.6,1.24504e-22
-1.21427e-22,-46.1932,-1.87199e-22
6.50144e-23,-57708.6,-3.83886e-22
2.13513e-22,-79910.2,-3.44711e-22
2.37405e-22,-47568.3,-9.37443e-23
1.22745e-22,21541.1,2.1482e-22
-6.35484e-23,81904.8,3.91397e-22
-2.12755e-22,89912.8,3.27498e-22
-2.37797e-22,34948.3,6.23826e-23
-1.24059e-22,-49974.1,-2.41061e-22
6.208e-23,-107490,-3.96396e-22
2.11989e-22,-94247.6,-3.08183e-22
2.3818e-22,-12954.5,-3.06204e-23
1.25368e-22,85192.4,2.65755e-22
-6.06093e-23,132219,3.98849e-22
-2.11215e-22,89969.9,2.86888e-22
-2.38555e-22,-20035.3,-1.33835e-24
-1.26673e-22,-126222,-2.88743e-22
5.91362e-23,-152966,-3.98742e-22
2.10433e-22,-73815.1,-2.63752e-22
2.3892e-22,65123.9,3.32885e-23
1.27972e-22,171017,3.09877e-22
-5.76609e-23,165690,3.96075e-22
-2.09643e-22,42422.9,2.38923e-22
-2.39276e-22,-122546,-6.5025e-23
-1.29266e-22,-216225,-3.29021e-22
5.61834e-23,-165490,-3.90865e-22
2.08844e-22,7329.51,-2.12559e-22
2.39623e-22,191263,9.6344e-23
1.30556e-22,256992,3.46053e-22
-5.47037e-23,146773,3.83145e-22
-2.08038e-22,-77876.8,1.84831e-22
-2.3996e-22,-268531,-1.27044e-22
-1.31841e-22,-286848,-3.60863e-22
5.3222e-23,-103583,-3.72965e-22
2.07224e-22,170396,-1.55916e-22
2.40289e-22,349457,1.56929e-22
1.3312e-22,297730,3.73356e-22
-5.17382e-23,30096,3.60391e-22
-2.06402e-22,-284127,1.26e-22
-2.40609e-22,-426621,-1.85806e-22
-1.34395e-22,-280183,-3.83452e-22
5.02525e-23,78662.8,-3.45503e-22
2.05572e-22,415619,-9.52746e-23
2.40919e-22,489793,2.13491e-22
1.35664e-22,223812,3.91086e-22
-4.87648e-23,-225904,3.28396e-22
-2.04734e-22,-557945,6.39378e-23
-2.4122e-22,-525863,-2.39804e-22
-1.36928e-22,-118032,-3.96209e-22
4.72753e-23,411945,-3.09181e-22
2.03889e-22,699961,-3.21906e-23
2.41512e-22,519040,2.64578e-22
1.38187e-22,-46839.7,3.98789e-22
-4.5784e-23,-632924,2.87981e-22
-2.03036e-22,-825716,2.36693e-25
-2.41795e-22,-451452,-2.87653e-22
-1.39441e-22,278112,-3.98807e-22
4.42909e-23,879408,-2.64932e-22
2.02175e-22,914144,3.17187e-23
2.42068e-22,304233,3.08882e-22
1.4069e-22,-578871,3.96266e-22
-4.27961e-23,-1.13503e+06,2.40182e-22
-2.01306e-22,-939184,-6.34705e-23
-2.42332e-22,-59186.5,-3.28127e-22
-1.41933e-22,945810,-3.9118e-22
4.12998e-23,1.37528e+06,-2.1389e-22
2.00429e-22,870513,9.48148e-23
2.42587e-22,-298893,3.45265e-22
1.4317e-22,-1.36681e+06,3.83583e-22
-3.98018e-23,-1.56675e+06,1.86225e-22
-1.99545e-22,-675072,-1.2555e-22
-2.42833e-22,779228,-3.60187e-22
-1.44402e-22,1.81848e+06,-3.73523e-22
3.83023e-23,1.6669e+06,-1.57364e-22
1.98654e-22,319561,1.5548e-22
2.4307e-22,-1.38143e+06,3.72796e-22
1.45629e-22,-2.26383e+06,3.61065e-22
-3.68014e-23,-1.62494e+06,1.27493e-22
-1.97754e-22,225961,-1.84411e-22
-2.43297e-22,2.09138e+06,-3.83012e-22
-1.4685e-22,2.65052e+06,-3.46288e-22
3.5299e-23,1.3838e+06,-9.68033e-23
1.96848e-22,-983281,2.12158e-22
2.43515e-22,-2.87682e+06,3.90769e-22
1.48066e-22,-2.91003e+06,3.29289e-22
-3.37953e-23,-883805,6.5492e-23
-1.95933e-22,1.96006e+06,-2.38543e-22
-2.43724e-22,3.68306e+06,-3.96016e-22
-1.49276e-22,2.95819e+06,-3.10175e-22
3.22903e-23,68210.5,-3.37603e-23
1.95012e-22,-3.14286e+06,2.63397e-22
2.43923e-22,-4.42937e+06,3.98721e-22
1.5048e-22,-2.69786e+06,2.89069e-22
-3.07841e-23,1.10925e+06,1.81173e-24
-1.94082e-22,4.48944e+06,-2.86559e-22
-2.44113e-22,5.00661e+06,-3.98867e-22
-1.51678e-22,2.024e+06,-2.66108e-22
2.92768e-23,-2.67465e+06,3.01484e-23
1.93146e-22,-5.92099e+06,3.07882e-22
2.44294e-22,-5.27703e+06,3.96451e-22
1.52871e-22,-832050,2.41438e-22
-2.77683e-23,4.62216e+06,-6.1915e-23
-1.92202e-22,7.31501e+06,-3.27228e-22
-2.44465e-22,5.07727e+06,-3.9149e-22
-1.54058e-22,-970313,-2.15219e-22
2.62587e-23,-6.9009e+06,9.32841e-23
1.9125e-22,-8.49996e+06,3.44472e-22
2.44628e-22,-4.22534e+06,3.84015e-22
1.55239e-22,3.44752e+06,1.87617e-22
-2.47481e-23,9.40097e+06,-1.24054e-22
-1.90292e-22,9.25305e+06,-3.59506e-22
-2.4478e-22,2.53281e+06,-3.74075e-22
-1.56414e-22,-6.61684e+06,-1.58811e-22
2.32366e-23,-1.19401e+07,1.54028e-22
1.89326e-22,-9.30285e+06,3.72231e-22
2.44924e-22,176957,3.61733e-22
1.57583e-22,1.0426e+07,1.28985e-22
-2.17242e-23,1.42525e+07,-1.83013e-22
-1.88353e-22,8.33831e+06,-3.82566e-22
-2.45058e-22,-4.04407e+06,-3.47069e-22
-1.58746e-22,-1.47287e+07,-9.83306e-23
2.0211e-23,-1.59822e+07,2.10822e-22
1.87373e-22,-6.02624e+06,3.90445e-22
2.45183e-22,9.14061e+06,3.30176e-22
1.59903e-22,1.92601e+07,6.70452e-23
-1.8697e-23,1.66835e+07,-2.37279e-22
-1.86385e-22,2.03879e+06,-3.95817e-22
-2.45298e-22,-1.54331e+07,-3.11164e-22
-1.61054e-22,-2.36152e+07,-3.53294e-23
1.71823e-23,-1.58315e+07,2.62211e-22
1.85391e-22,3.90775e+06,3.98648e-22
2.45404e-22,2.27401e+07,2.90153e-22
1.62199e-22,2.72321e+07,3.38674e-24
-1.5667e-23,1.28464e+07,-2.85461e-22
-1.84389e-22,-1.20021e+07,-3.98919e-22
-2.45501e-22,-3.06889e+07,-2.6728e-22
-1.63337e-22,-2.93875e+07,2.85777e-23
1.4151e-23,-7.1341e+06,3.06877e-22
1.83381e-22,2.2276e+07,3.9663e-22
2.45588e-22,3.86728e+07,2.42691e-22
1.6447e-22,2.92066e+07,-6.03586e-23
-1.26345e-23,-1.85395e+06,-3.26323e-22
-1.82365e-22,-3.45318e+07,-3.91793e-22
-2.45666e-22,-4.58181e+07,-2.16543e-22
-1.65596e-22,-2.56947e+07,9.1752e-23
1.11175e-23,1.45397e+07,3.43674e-22
1.81343e-22,4.82657e+07,3.84441e-22
2.45735e-22,5.09649e+07,1.89006e-22
1.66715e-22,1.77959e+07,-1.22556e-22
-9.60013e-24,-3.11167e+07,-3.58819e-22
-1.80313e-22,-6.25905e+07,-3.74621e-22
-2.45794e-22,-5.26718e+07,-1.60254e-22
-1.67829e-22,-4.48435e+06,1.52574e-22
8.08236e-24,5.14291e+07,3.7166e-22
1.79277e-22,7.61674e+07,3.62396e-22
2.45844e-22,4.92546e+07,1.30474e-22
1.68936e-22,-1.51088e+07,-1.81612e-22
-6.56429e-24,-7.48375e+07,-3.82114e-22
-1.78234e-22,-8.71598e+07,-3.47844e-22
-2.45885e-22,-3.8868e+07,-9.98563e-23
-1.70037e-22,4.15301e+07,2.09483e-22
5.04596e-24,1.0008e+08,3.90115e-22
1.77184e-22,9.32209e+07,3.31058e-22
2.45916e-22,1.96414e+07,6.85974e-23
1.71131e-22,-7.48034e+07,-2.3601e-22
-3.52744e-24,-1.25142e+08,-3.95612e-22
-1.76127e-22,-9.15336e+07,-3.12147e-22
-2.45938e-22,1.01239e+07,-3.6898e-23
-1.72218e-22,1.142e+08,2.61022e-22
2.00879e-24,1.47155e+08,3.98568e-22
1.75063e-22,7.89201e+07,2.91232e-22
2.4595e-22,-5.16912e+07,4.9617e-24
1.73299e-22,-1.57991e+08,-2.84358e-22
-4.90062e-25,-1.62342e+08,-3.98966e-22
-1.73993e-22,-5.20392e+07,-2.68448e-22
-2.45953e-22,1.05558e+08,2.70064e-23
-1.74374e-22,2.03211e+08,3.05868e-22
-1.02869e-24,1.66048e+08,3.96802e-22
1.72917e-22,7.68677e+06,2.43939e-22
2.45947e-22,-1.71068e+08,-5.88012e-23
1.75441e-22,-2.45443e+08,-3.25414e-22
2.54739e-24,-1.52872e+08,-3.9209e-22
-1.71833e-22,5.67872e+07,-2.17865e-22
-2.45931e-22,2.45983e+08,9.02184e-23
-1.76502e-22,2.78687e+08,3.42871e-22
-4.06601e-24,1.16949e+08,3.84862e-22
1.70743e-22,-1.42943e+08,1.90391e-22
2.45906e-22,-3.26047e+08,-1.21056e-22
1.77557e-22,-2.95336e+08,-3.58126e-22
5.58446e-24,-5.23988e+07,-3.75162e-22
-1.69647e-22,2.50605e+08,-1.61696e-22
-2.45872e-22,4.0458e+08,1.51117e-22
-1.78604e-22,2.86329e+08,3.71083e-22
-7.10271e-24,-4.60256e+07,3.63053e-22
1.68544e-22,-3.77124e+08,1.31962e-22
2.45828e-22,-4.72172e+08,-1.80208e-22
1.79645e-22,-2.41524e+08,-3.81656e-22
8.62068e-24,1.82078e+08,-3.48613e-22
-1.67435e-22,5.16603e+08,-1.0138e-22
-2.45774e-22,5.16542e+08,2.08141e-22
-1.80679e-22,1.50361e+08,3.8978e-22
-1.01383e-23,-3.56951e+08,3.31936e-22
1.66319e-22,-6.5914e+08,7.01484e-23
2.45712e-22,-5.22663e+08,-2.34738e-22
1.81706e-22,-2.85416e+06,-3.95401e-22
1.16556e-23,5.68034e+08,-3.13127e-22
-1.65197e-22,7.90188e+08,-3.8466e-23
-2.4564e-22,4.7324e+08,2.59828e-22
-1.82726e-22,-2.09043e+08,3.98483e-22
-1.31724e-23,-8.0755e+08,2.92307e-22
1.64069e-22,-8.90165e+08,6.53658e-24
2.45559e-22,-3.49647e+08,-2.8325e-22
1.83739e-22,4.89704e+08,-3.99006e-22
1.46887e-23,1.06118e+09,-2.69611e-22
-1.62934e-22,9.34441e+08,2.54348e-23
-2.45468e-22,1.33433e+08,3.04853e-22
-1.84745e-22,-8.37743e+08,3.96968e-22
-1.62045e-23,-1.3068e+09,2.45184e-22
1.61793e-22,-8.93888e+08,-5.72429e-23
2.45368e-22,1.91558e+08,-3.24499e-22
1.85744e-22,1.24367e+09,-3.92382e-22
1.77196e-23,1.51359e+09,-2.19183e-22
-1.60646e-22,7.36178e+08,8.86834e-23
-2.45258e-22,-6.36384e+08,3.42062e-22
-1.86736e-22,-1.68742e+09,3.85276e-22
-1.9234e-23,-1.64164e+09,1.91774e-22
1.59493e-22,-4.2798e+08,-1.19555e-22
2.4514e-22,1.20356e+09,-3.57428e-22
1.87721e-22,2.13602e+09,-3.75696e-22
2.07478e-23,1.64251e+09,-1.63134e-22
-1.58334e-22,-6.17494e+07,1.49658e-22
-2.45011e-22,-1.88308e+09,3.705e-22
-1.88699e-22,-2.54161e+09,3.63704e-22
-2.22607e-23,-1.46085e+09,1.33447e-22
1.57169e-22,7.57328e+08,-1.78801e-22
2.44874e-22,2.64806e+09,-3.81193e-22
1.89669e-22,2.84034e+09,-3.49378e-22
2.37728e-23,1.03759e+09,-1.02903e-22
-1.55998e-22,-1.67071e+09,2.06796e-22
-2.44727e-22,-3.45044e+09,3.89438e-22
-1.90633e-22,-2.95253e+09,3.32808e-22
-2.5284e-23,-3.1494e+08,7.16984e-23
1.54821e-22,2.7948e+09,-2.33463e-22
2.44571e-22,4.21712e+09,-3.95183e-22
1.91589e-22,2.78466e+09,-3.14101e-22
2.67942e-23,-7.56685e+08,-4.00334e-23
-1.53638e-22,-4.09592e+09,2.58631e-22
-2.44406e-22,-4.84719e+09,3.98391e-22
-1.92537e-22,-2.23377e+09,2.93377e-22
-2.83034e-23,2.20953e+09,8.11136e-24
1.52449e-22,5.5061e+09,-2.82138e-22
2.44231e-22,5.21117e+09,-3.99041e-22
1.93479e-22,1.19484e+09,-2.7077e-22
2.98115e-23,-4.0474e+09,2.38628e-23
-1.51254e-22,-6.91566e+09,3.03834e-22
-2.44047e-22,-5.15293e+09,3.97129e-22
-1.94413e-22,4.28443e+08,2.46425e-22
-3.13185e-23,6.23287e+09,-5.56837e-23
1.50053e-22,8.16736e+09,-3.2358e-22
2.43853e-22,4.49556e+09,-3.92667e-22
1.95339e-22,-2.70912e+09,-2.20497e-22
3.28242e-23,-8.67356e+09,8.71471e-23
-1.48847e-22,-9.05325e+09,3.41248e-22
-2.43651e-22,-3.05202e+09,3.85684e-22
-1.96258e-22,5.67878e+09,1.93154e-22
-3.43288e-23,1.12085e+10,-1.18051e-22
1.47635e-22,9.31578e+09,-3.56725e-22
2.43439e-22,6.41576e+08,-3.76225e-22
1.9717e-22,-9.30598e+09,-1.6457e-22
3.5832e-23,-1.35964e+10,1.48197e-22
-1.46418e-22,-8.65494e+09,3.69911e-22
-2.43217e-22,2.88735e+09,3.6435e-22
-1.98074e-22,1.34724e+10,1.3493e-22
-3.73338e-23,1.55075e+10,-1.77391e-22
1.45195e-22,6.74322e+09,-3.80723e-22
2.42987e-22,-7.62761e+09,-3.50136e-22
1.98971e-22,-1.79484e+10,-1.04424e-22
3.88343e-23,-1.65217e+10,2.05447e-22
-1.43966e-22,-3.25018e+09,3.8909e-22
-2.42747e-22,1.35775e+10,3.33674e-22
-1.9986e-22,2.23698e+10,7.32473e-23
-4.03332e-23,1.61367e+10,-2.32183e-22
1.42732e-22,-2.12208e+09,-3.94959e-22
2.42498e-22,-2.05999e+10,-3.1507e-22
2.00741e-22,-2.62207e+10,-4.16002e-23
4.18306e-23,-1.37873e+10,2.57429e-22
-1.41492e-22,9.5916e+09,3.98293e-22
-2.4224e-22,2.83786e+10,2.94443e-22
-2.01615e-22,2.88244e+10,9.68601e-24
-4.33265e-23,8.88218e+09,-2.81022e-22
1.40247e-22,-1.92376e+10,-3.99069e-22
2.41972e-22,-3.63759e+10,-2.71925e-22
2.02481e-22,-2.93492e+10,2.22903e-23
4.48206e-23,-8.5723e+08,3.02811e-22
-1.38997e-22,3.09312e+10,3.97283e-22
-2.41695e-22,4.37962e+10,2.47662e-22
-2.03339e-22,2.68335e+10,-5.41236e-23
-4.63131e-23,-1.0749e+10,-3.22655e-22
1.37742e-22,-4.42597e+10,-3.92946e-22
2.41409e-22,-4.95625e+10,-2.21808e-22
2.0419e-22,-2.0237e+10,8.56093e-23
4.78038e-23,2.61997e+10,3.40428e-22
-1.36481e-22,5.84489e+10,3.86086e-22
-2.41114e-22,5.23143e+10,1.94531e-22
-2.05032e-22,8.52144e+09,-1.16545e-22
-4.92926e-23,-4.54441e+10,-3.56015e-22
1.35215e-22,-7.22927e+10,-3.76748e-22
2.4081e-22,-5.04356e+10,-1.66004e-22
2.05867e-22,9.23194e+09,1.46733e-22
5.07796e-23,6.79871e+10,3.69317e-22
-1.33943e-22,8.40994e+10,3.6499e-22
-2.40496e-22,4.21244e+10,1.36412e-22
-2.06694e-22,-3.36688e+10,-1.75979e-22
-5.22647e-23,-9.27512e+10,-3.80247e-22
1.32667e-22,-9.16692e+10,-3.5089e-22
2.40174e-22,-2.5512e+10,-1.05943e-22
2.07514e-22,6.49711e+10,2.04095e-22
5.37477e-23,1.17943e+11,3.88736e-22
-1.31386e-22,9.23189e+10,3.34536e-22
-2.39842e-22,-1.15741e+09,7.4795e-23
-2.08325e-22,-1.02635e+11,-2.309e-22
-5.52287e-23,-1.40944e+11,-3.94729e-22
1.30099e-22,-8.29701e+10,-3.16034e-22
2.39501e-22,3.92824e+10,-4.31663e-23
2.09128e-22,1.4523e+11,2.56223e-22
5.67076e-23,1.5824e+11,3.98188e-22
-1.28808e-22,6.03208e+10,2.95504e-22
-2.39151e-22,-8.95934e+10,1.12605e-23
-2.09924e-22,-1.90154e+11,-2.79901e-22
-5.81844e-23,-1.65427e+11,-3.9909e-22
1.27512e-22,-2.1116e+10,-2.73076e-22
2.38791e-22,1.51781e+11,2.07176e-23
2.10711e-22,2.33416e+11,3.01782e-22
5.96589e-23,1.57314e+11,3.9743e-22
-1.26211e-22,-3.74699e+10,2.48895e-22
-2.38423e-22,-2.24079e+11,-5.25627e-23
-2.1149e-22,-2.69476e+11,-3.21726e-22
-6.11312e-23,-1.28159e+11,-3.93219e-22
1.24905e-22,1.17331e+11,-2.23116e-22
2.38045e-22,3.02827e+11,8.40703e-23
2.12262e-22,2.91192e+11,3.39603e-22
6.26011e-23,7.20677e+10,3.86482e-22
-1.23594e-22,-2.18816e+11,1.95904e-22
-2.37659e-22,-3.82059e+11,-1.15038e-22
-2.13025e-22,-2.89913e+11,-3.55301e-22
-6.40686e-23,1.64139e+10,-3.77265e-22
1.22278e-22,3.40016e+11,-1.67435e-22
2.37263e-22,4.53161e+11,1.45267e-22
2.1378e-22,2.55794e+11,3.68717e-22
6.55337e-23,-1.41502e+11,3.65625e-22
-1.20958e-22,-4.75998e+11,1.37891e-22
-2.36859e-22,-5.04684e+11,-1.74564e-22
-2.14527e-22,-1.78368e+11,-3.79766e-22
-6.69963e-23,3.05167e+11,-3.51637e-22
1.19634e-22,6.18039e+11,-1.07461e-22
2.36445e-22,5.22385e+11,2.0274e-22
2.15266e-22,4.74486e+10,3.88376e-22
6.84563e-23,-5.0594e+11,3.35392e-22
-1.18304e-22,-7.52954e+11,7.63415e-23
-2.36022e-22,-4.89602e+11,-2.29614e-22
-2.15996e-22,1.45623e+11,-3.94493e-22
-6.99137e-23,7.37582e+11,-3.16994e-22
1.16971e-22,8.62624e+11,-4.47318e-23
2.3559e-22,3.88056e+11,2.55014e-22
2.16718e-22,-4.06343e+11,3.98078e-22
7.13685e-23,-9.87706e+11,2.9656e-22
-1.15632e-22,-9.23869e+11,1.28348e-23
-2.3515e-22,-1.99188e+11,-2.78776e-22
-2.17432e-22,7.35063e+11,-3.99106e-22
-7.28205e-23,1.23649e+12,-2.74223e-22
1.1429e-22,9.08835e+11,1.91445e-23
2.347e-22,-9.3901e+10,3.00749e-22
2.18138e-22,-1.12471e+12,3.97572e-22
7.42698e-23,-1.45563e+12,2.50124e-22
-1.12943e-22,-7.86062e+11,-5.10009e-23
-2.34241e-22,5.03844e+11,-3.20791e-22
-2.18836e-22,1.55837e+12,-3.93485e-22
-7.57162e-23,1.60787e+12,-2.2442e-22
1.11592e-22,5.22425e+11,8.25299e-23
2.33774e-22,-1.03575e+12,3.38773e-22
2.19525e-22,-2.00685e+12,3.86873e-22
7.71598e-23,-1.64719e+12,1.97275e-22
-1.10236e-22,-8.60924e+10,-1.13529e-22
-2.33297e-22,1.68335e+12,-3.5458e-22
-2.20205e-22,2.42666e+12,-3.77776e-22
-7.86004e-23,1.52015e+12,-1.68864e-22
1.08876e-22,-5.49358e+11,1.43799e-22
2.32812e-22,-2.4248e+12,3.68111e-22
2.20878e-22,-2.75859e+12,3.66253e-22
8.0038e-23,-1.16865e+12,1.39368e-22
-1.07512e-22,1.39966e+12,-1.73146e-22
-2.32318e-22,3.21829e+12,-3.79278e-22
-2.21542e-22,2.9275e+12,-3.5238e-22
-8.14725e-23,5.34319e+11,-1.08977e-22
1.06144e-22,-2.46343e+12,2.01381e-22
2.31815e-22,-3.99806e+12,3.8801e-22
2.22197e-22,-2.84378e+12,3.36244e-22
8.2904e-23,4.35048e+11,7.78869e-23
-1.04772e-22,3.71496e+12,-2.28324e-22
-2.31303e-22,4.67132e+12,-3.94251e-22
-2.22844e-22,2.40701e+12,-3.17948e-22
-8.43322e-23,-1.77704e+12,-4.62966e-23
1.03396e-22,-5.09641e+12,2.538e-22
2.30782e-22,-5.11682e+12,3.97961e-22
2.23482e-22,-1.51246e+12,2.97612e-22
8.57573e-23,3.50406e+12,1.4409e-23
-1.02016e-22,6.5104e+12,-2.77647e-22
-2.30253e-22,5.18603e+12,-3.99115e-22
-2.24112e-22,6.09264e+10,-2.75365e-22
-8.71791e-23,-5.59103e+12,1.75711e-23
1.00632e-22,-7.81358e+12,2.99711e-22
2.29714e-22,-4.70778e+12,3.97707e-22
2.24734e-22,2.0279e+12,2.5135e-22
8.85976e-23,7.96192e+12,-4.94384e-23
-9.92446e-23,8.81271e+12,-3.19851e-22
-2.29167e-22,3.49753e+12,-3.93746e-22
-2.25347e-22,-4.79824e+12,-2.25721e-22
-9.00127e-23,-1.0476e+13,8.09883e-23
9.78531e-23,-9.26445e+12,3.37938e-22
2.28611e-22,-1.3721e+12,3.87257e-22
2.25951e-22,8.2376e+12,1.98643e-22
9.14243e-23,1.29156e+13,-1.12018e-22
-9.64579e-23,8.88072e+12,-3.53855e-22
-2.28047e-22,-1.82937e+12,-3.78281e-22
-2.26546e-22,-1.22536e+13,-1.70289e-22
-9.28325e-23,-1.49765e+13,1.42329e-22
9.50589e-23,-7.34135e+12,3.675e-22
2.27474e-22,6.21775e+12,3.66876e-22
2.27133e-22,1.66495e+13,1.40843e-22
9.42372e-23,1.62649e+13,-1.71726e-22
-9.36564e-23,4.31578e+12,-3.78785e-22
-2.26892e-22,-1.18199e+13,-3.53117e-22
-2.27712e-22,-2.11007e+13,-1.10492e-22
-9.56382e-23,-1.63016e+13,2.0002e-22
9.22503e-23,5.04626e+11,3.87638e-22
2.26301e-22,1.85392e+13,3.37089e-22
2.28281e-22,2.51356e+13,7.94311e-23
9.70356e-23,1.45389e+13,-2.2703e-22
-9.08407e-23,-7.36269e+12,-3.94003e-22
-2.25702e-22,-2.61127e+13,-3.18898e-22
-2.28842e-22,-2.81241e+13,-4.78606e-23
-9.84293e-23,-1.03915e+13,2.52583e-22
8.94276e-23,1.63798e+13,3.97838e-22
2.25094e-22,3.4068e+13,2.98659e-22
2.29395e-22,2.92788e+13,1.59829e-23
9.98192e-23,3.28546e+12,-2.76514e-22
-8.80111e-23,-2.74896e+13,-3.99119e-22
-2.24478e-22,-4.1685e+13,-2.76503e-22
-2.29938e-22,-2.76746e+13,1.59975e-23
-1.01205e-22,7.2732e+12,2.98669e-22
8.65912e-23,4.03641e+13,3.97837e-22
2.23853e-22,4.79686e+13,2.52571e-22
2.30473e-22,2.22917e+13,-4.78751e-23
1.02588e-22,-2.16083e+13,-3.18907e-22
-8.51681e-23,-5.43358e+13,-3.94001e-22
-2.23219e-22,-5.16399e+13,-2.27018e-22
-2.30999e-22,-1.20882e+13,7.94454e-23
-1.03966e-22,3.97639e+13,3.37097e-22
8.37417e-23,6.83257e+13,3.87635e-22
2.22577e-22,5.11552e+13,2.00007e-22
2.31516e-22,-3.89351e+12,-1.10506e-22
1.0534e-22,-6.13777e+13,-3.53123e-22
-8.23121e-23,-8.07836e+13,-3.7878e-22
-2.21927e-22,-4.47633e+13,-1.71713e-22
-2.32024e-22,2.63837e+13,1.40856e-22
-1.06711e-22,8.55449e+13,3.66882e-22
8.08793e-23,8.96569e+13,3.67494e-22
2.21268e-22,3.061e+13,1.42315e-22
2.32523e-22,-5.5705e+13,-1.70303e-22
1.08077e-22,-1.10683e+14,-3.78286e-22
-7.94435e-23,-9.24002e+13,-3.53848e-22
-2.20601e-22,-6.90029e+12,-1.12004e-22
-2.33014e-22,9.15593e+13,1.98656e-22
-1.09439e-22,1.34416e+14,3.8726e-22
7.80047e-23,8.60455e+13,3.3793e-22
2.19925e-22,-2.78768e+13,8.0974e-23
2.33496e-22,-1.32792e+14,-2.25733e-22
1.10797e-22,-1.53488e+14,-3.93748e-22
-7.65628e-23,-6.73483e+13,-3.19843e-22
-2.19241e-22,7.46557e+13,-4.94239e-23
-2.33968e-22,1.77147e+14,2.51361e-22
-1.12151e-22,1.63752e+14,3.97709e-22
7.51181e-23,3.30297e+13,2.99702e-22
2.18548e-22,-1.3344e+14,1.75565e-23
2.34432e-22,-2.21041e+14,-2.75376e-22
1.13501e-22,-1.6024e+14,-3.99115e-22
-7.36705e-23,1.98742e+13,-2.77637e-22
-2.17847e-22,2.029e+14,1.44236e-23
-2.34887e-22,2.59387e+14,2.97622e-22
-1.14846e-22,1.37357e+14,3.9796e-22
7.22201e-23,-9.3545e+13,2.53789e-22
2.17138e-22,-2.79935e+14,-4.63111e-23
2.35333e-22,-2.85504e+14,-3.17957e-22
1.16187e-22,-8.92388e+13,-3.94249e-22
-7.07669e-23,1.88799e+14,-2.28312e-22
-2.16421e-22,3.5926e+14,7.79012e-23
-2.3577e-22,2.91172e+14,3.36251e-22
-1.17523e-22,1.02814e+13,3.88007e-22
6.9311e-23,-3.04405e+14,2.01369e-22
2.15695e-22,-4.33033e+14,-1.08991e-22
2.36198e-22,-2.66876e+14,-3.52387e-22
1.18855e-22,1.04118e+14,-3.79274e-22
-6.78525e-23,4.36327e+14,-1.73133e-22
-2.14961e-22,4.90629e+14,1.39381e-22
-2.36617e-22,2.02308e+14,3.66259e-22
-1.20182e-22,-2.56615e+14,3.68105e-22
6.63914e-23,-5.76964e+14,1.43786e-22
2.14219e-22,-5.18606e+14,-1.68877e-22
2.37027e-22,-8.71636e+13,-3.7778e-22
1.21505e-22,4.46775e+14,-3.54574e-22
-6.49278e-23,7.14439e+14,-1.13515e-22
-2.13469e-22,5.00984e+14,1.97288e-22
-2.37428e-22,-8.77026e+13,3.86876e-22
-1.22823e-22,-6.69784e+14,3.38766e-22
6.34617e-23,-8.32069e+14,8.25156e-23
2.1271e-22,-4.19917e+14,-2.24432e-22
2.3782e-22,3.28759e+14,-3.93488e-22
1.24137e-22,9.15074e+14,-3.20782e-22
-6.19932e-23,9.08136e+14,-5.09864e-23
-2.11944e-22,2.56875e+14,2.50136e-22
-2.38203e-22,-6.37914e+14,3.97573e-22
-1.25445e-22,-1.16501e+15,3.0074e-22
6.05223e-23,-9.16113e+14,1.91299e-23
2.11169e-22,5.59326e+12,-2.74233e-22
2.38576e-22,1.01032e+15,-3.99106e-22
1.26749e-22,1.39377e+15,-2.78766e-22
-5.90491e-23,8.25536e+14,1.28495e-23
-2.10386e-22,-3.81448e+14,2.9657e-22
-2.38941e-22,-1.43198e+15,3.98077e-22
-1.28049e-22,-1.56669e+15,2.55003e-22
5.75736e-23,-6.03684e+14,-4.47463e-23
2.09596e-22,8.78087e+14,-3.17003e-22
2.39297e-22,1.87733e+15,-3.94491e-22
1.29343e-22,1.64026e+15,-2.29602e-22
-5.6096e-23,2.18239e+14,7.63559e-23
-2.08797e-22,-1.49267e+15,3.354e-22
-2.39643e-22,-2.30707e+15,3.88373e-22
-1.30632e-22,-1.56312e+15,2.02727e-22
5.46162e-23,3.58937e+14,-1.07475e-22
2.0799e-22,2.20798e+15,-3.51644e-22
2.3998e-22,2.66656e+15,-3.79761e-22
1.31916e-22,1.27841e+15,-1.74551e-22
-5.31343e-23,-1.14685e+15,1.37905e-22
-2.07176e-22,-2.98813e+15,3.65631e-22
-2.40308e-22,-2.88525e+15,3.68711e-22
-1.33196e-22,-7.27661e+14,1.45254e-22
5.16505e-23,2.1493e+15,-1.67448e-22
2.06353e-22,3.77439e+15,-3.77269e-22
2.40627e-22,2.87764e+15,-3.55294e-22
1.3447e-22,-1.43352e+14,-1.15024e-22
-5.01646e-23,-3.34784e+15,1.95917e-22
-2.05523e-22,-4.48187e+15,3.86486e-22
-2.40937e-22,-2.54627e+15,3.39596e-22
-1.35739e-22,1.37675e+15,8.4056e-23
4.86768e-23,4.69418e+15,-2.23128e-22
2.04685e-22,4.99756e+15,-3.93221e-22
2.41238e-22,1.7874e+15,-3.21717e-22
1.37003e-22,-2.99258e+15,-5.25482e-23
-4.71872e-23,-6.10259e+15,2.48907e-22
-2.03839e-22,-5.18071e+15,3.97432e-22
-2.41529e-22,-4.99856e+14,3.01773e-22
-1.38262e-22,4.97703e+15,2.0703e-23
4.56958e-23,7.44318e+15,-2.73087e-22
2.02985e-22,4.8665e+15,-3.99091e-22
2.41811e-22,-1.40263e+15,-2.79891e-22
1.39515e-22,-7.26924e+15,1.12751e-23
-4.42026e-23,-8.53722e+15,2.95514e-22
-2.02123e-22,-3.87387e+15,3.98187e-22
-2.42084e-22,3.9753e+15,2.56212e-22
-1.40763e-22,9.74761e+15,-4.31809e-23
4.27077e-23,9.15577e+15,-3.16043e-22
2.01254e-22,2.01866e+15,-3.94727e-22
2.42348e-22,-7.22278e+15,-2.30888e-22
1.42006e-22,-1.2217e+16,7.48093e-23
-4.12113e-23,-9.02342e+15,3.34544e-22
-2.00377e-22,8.67185e+14,3.88733e-22
-2.42602e-22,1.10766e+16,2.04082e-22
-1.43243e-22,1.43986e+16,-1.05958e-22
3.97132e-23,7.82873e+15,-3.50897e-22
1.99493e-22,-4.91e+15,-3.80243e-22
2.42847e-22,-1.53708e+16,-1.75966e-22
1.44475e-22,-1.59244e+16,1.36425e-22
-3.82136e-23,-5.24328e+15,3.64996e-22
-1.98601e-22,1.01621e+16,3.69311e-22
-2.43083e-22,1.98187e+16,1.4672e-22
-1.45701e-22,1.63395e+16,-1.66017e-22
3.67126e-23,9.50888e+14,-3.76752e-22
1.97701e-22,-1.6564e+16,-3.56009e-22
2.4331e-22,-2.39916e+16,-1.16531e-22
1.46922e-22,-1.51154e+16,1.94543e-22
-3.52102e-23,5.31189e+15,3.8609e-22
-1.96794e-22,2.39021e+16,3.40421e-22
-2.43528e-22,2.73054e+16,8.55951e-23
-1.48137e-22,1.16764e+16,-2.21821e-22
3.37064e-23,-1.37035e+16,-3.92948e-22
1.95879e-22,-3.17659e+16,-3.22647e-22
2.43736e-22,-2.90179e+16,-5.41091e-23
1.49347e-22,-5.44325e+15,2.47673e-22
-3.22014e-23,2.42142e+16,3.97284e-22
-1.94957e-22,3.95081e+16,3.02801e-22
-2.43935e-22,2.82427e+16,2.22757e-23
-1.50551e-22,-4.10358e+15,-2.71936e-22
3.06951e-23,-3.6594e+16,-3.99069e-22
1.94027e-22,-4.62136e+16,-2.81012e-22
2.44124e-22,-2.39858e+16,9.70063e-24
1.51749e-22,1.73403e+16,2.94453e-22
-2.91876e-23,5.02761e+16,3.98292e-22
-1.9309e-22,5.06855e+16,2.57418e-22
-2.44304e-22,1.52087e+16,-4.16147e-23
-1.52941e-22,-3.43957e+16,-3.15079e-22
2.76791e-23,-6.43026e+16,-3.94957e-22
1.92146e-22,-5.14556e+16,-2.32171e-22
2.44475e-22,-9.2548e+14,7.32616e-23
1.54128e-22,5.50293e+16,3.33682e-22
-2.61694e-23,7.72611e+16,3.89087e-22
-1.91194e-22,4.683e+16,2.05434e-22
-2.44637e-22,-1.96651e+16,-1.04438e-22
-1.55308e-22,-7.84973e+16,-3.50143e-22
2.46588e-23,-8.72445e+16,-3.80718e-22
1.90235e-22,-3.49801e+16,-1.77378e-22
2.44789e-22,4.70098e+16,1.34944e-22
1.56483e-22,1.03418e+17,3.64356e-22
-2.31473e-23,9.18489e+16,3.69906e-22
-1.89269e-22,1.40876e+16,1.48183e-22
-2.44932e-22,-8.09973e+16,-1.64584e-22
-1.57652e-22,-1.27647e+17,-3.7623e-22
2.16348e-23,-8.82251e+16,-3.56718e-22
1.88295e-22,1.74488e+16,-1.18037e-22
2.45066e-22,1.20728e+17,1.93167e-22
1.58814e-22,1.48185e+17,3.85688e-22
-2.01215e-23,7.32024e+16,3.4124e-22
-1.87315e-22,-6.07407e+16,8.71328e-23
-2.4519e-22,-1.64273e+17,-2.20509e-22
-1.59971e-22,-1.61142e+17,-3.92669e-22
1.86075e-23,-4.35023e+16,-3.23571e-22
1.86327e-22,1.16073e+17,-5.56692e-23
2.45305e-22,2.08438e+17,2.46436e-22
1.61122e-22,1.61784e+17,3.9713e-22
-1.70928e-23,-3.94305e+15,3.03825e-22
-1.85332e-22,-1.82515e+17,2.38482e-23
-2.4541e-22,-2.48577e+17,-2.70781e-22
-1.62266e-22,-1.44687e+17,-3.99041e-22
1.55774e-23,7.15583e+16,-2.82128e-22
1.8433e-22,2.57492e+17,8.12598e-24
2.45506e-22,2.78469e+17,2.93387e-22
1.63404e-22,1.04052e+17,3.9839e-22
-1.40614e-23,-1.60575e+17,2.5862e-22
-1.83321e-22,-3.36364e+17,-4.00479e-23
-2.45593e-22,-2.90334e+17,-3.1411e-22
-1.64536e-22,-3.41783e+16,-3.95181e-22
1.25449e-23,2.70377e+17,-2.33451e-22
1.82305e-22,4.12037e+17,7.17128e-23
2.45671e-22,2.75022e+17,3.32816e-22
1.65662e-22,-6.98523e+16,3.89435e-22
-1.10279e-23,-3.97764e+17,2.06783e-22
-1.81282e-22,-4.74695e+17,-1.02917e-22
-2.45739e-22,-2.22433e+17,-3.49385e-22
-1.66781e-22,2.11292e+17,-3.81188e-22
9.51043e-24,5.3619e+17,-1.78788e-22
1.80252e-22,5.11709e+17,1.33461e-22
2.45798e-22,1.2223e+17,3.6371e-22
1.67895e-22,-3.90641e+17,3.70494e-22
-7.99264e-24,-6.75034e+17,1.49645e-22
-1.79215e-22,-5.07817e+17,-1.63148e-22
-2.45847e-22,3.51107e+16,-3.75701e-22
-1.69001e-22,6.04391e+17,-3.57422e-22
6.47455e-24,7.99017e+17,-1.19541e-22
1.78172e-22,4.45684e+17,1.91787e-22
2.45887e-22,-2.56886e+17,3.8528e-22
1.70101e-22,-8.43684e+17,3.42054e-22
-4.95621e-24,-8.87875e+17,8.86691e-23
-1.77121e-22,-3.0693e+17,-2.19195e-22
-2.45918e-22,5.46387e+17,-3.92384e-22
-1.71195e-22,1.09297e+18,-3.24491e-22
3.43768e-24,9.16457e+17,-5.72284e-23
1.76064e-22,7.37246e+16,2.45195e-22
2.45939e-22,-9.00794e+17,3.9697e-22
1.72282e-22,-1.32882e+18,3.04844e-22
-1.91902e-24,-8.55397e+17,2.54202e-23
-1.75e-22,2.68988e+17,-2.69622e-22
-2.45951e-22,1.30883e+18,-3.99007e-22
-1.73363e-22,1.51914e+18,-2.8324e-22
4.00291e-25,6.72558e+17,6.55121e-24
1.7393e-22,-7.30612e+17,2.92317e-22
2.45953e-22,-1.74836e+18,3.98482e-22
1.74437e-22,-1.62296e+18,2.59817e-22
1.11846e-24,-3.35401e+17,-3.84805e-23
-1.72853e-22,1.31139e+18,-3.13136e-22
-2.45946e-22,2.18411e+18,-3.95399e-22
-1.75504e-22,1.59114e+18,-2.34726e-22
-2.63716e-24,-1.85558e+17,7.01628e-23
1.71769e-22,-1.99841e+18,3.31944e-22
2.4593e-22,-2.56592e+18,3.89777e-22
1.76565e-22,-1.36831e+18,2.08129e-22
4.15576e-24,9.12143e+17,-1.01395e-22
-1.70679e-22,2.76131e+18,-3.4862e-22
-2.45904e-22,2.82783e+18,-3.81652e-22
-1.77619e-22,8.96321e+17,-1.80195e-22
-5.67421e-24,-1.85276e+18,1.31975e-22
1.69582e-22,-3.54809e+18,3.63059e-22
2.45869e-22,-2.8886e+18,3.71077e-22
1.78666e-22,-1.19492e+17,1.51104e-22
7.19244e-24,2.99564e+18,-1.61709e-22
-1.68479e-22,4.28151e+18,-3.75167e-22
-2.45825e-22,2.65409e+18,-3.5812e-22
-1.79706e-22,-1.00808e+18,-1.21042e-22
-8.71039e-24,-4.30135e+18,1.90404e-22
1.67369e-22,-4.85671e+18,3.84865e-22
2.45771e-22,-2.02215e+18,3.42863e-22
1.8074e-22,2.51317e+18,9.02041e-23
1.0228e-23,5.69523e+18,-2.17877e-22
-1.66253e-22,5.14093e+18,-3.92093e-22
-2.45708e-22,8.90537e+17,-3.25405e-22
-1.81766e-22,-4.39218e+18,-5.87867e-23
-1.17452e-23,-7.06036e+18,2.43951e-22
1.65131e-22,-4.97611e+18,3.96804e-22
2.45635e-22,8.31794e+17,3.05858e-22
1.82786e-22,6.59825e+18,2.69918e-23
1.3262e-23,8.23221e+18,-2.68458e-22
-1.64002e-22,4.18555e+18,-3.98966e-22
-2.45553e-22,-3.20963e+18,-2.84347e-22
-1.83799e-22,-9.02781e+18,4.97633e-24
-1.47783e-23,-8.99635e+18,2.91242e-22
1.62867e-22,-2.5855e+18,3.98568e-22
2.45462e-22,6.26291e+18,2.61011e-22
1.84805e-22,1.15074e+19,-3.69125e-23
1.6294e-23,9.09057e+18,-3.12157e-22
-1.61726e-22,2.49333e+15,-3.9561e-22
-2.45362e-22,-9.94502e+18,-2.35998e-22
-1.85803e-22,-1.37825e+19,6.86118e-23
-1.78091e-23,-8.21339e+18,3.31067e-22
1.60578e-22,3.70277e+18,3.90112e-22
2.45252e-22,1.41191e+19,2.09471e-22
1.86795e-22,1.55111e+19,-9.98705e-23
1.93235e-23,6.04054e+18,-3.47851e-22
-1.59425e-22,-8.60517e+18,-3.8211e-22
-2.45132e-22,-1.85339e+19,-1.81599e-22
-1.87779e-22,-1.62632e+19,1.30488e-22
-2.08372e-23,-2.25118e+18,3.62402e-22
1.58265e-22,1.46788e+19,3.71654e-22
2.45004e-22,2.28025e+19,1.5256e-22
1.88756e-22,1.55309e+19,-1.60268e-22
2.23501e-23,-3.43486e+18,-3.74626e-22
-1.571e-22,-2.17559e+19,-3.58812e-22
-2.44866e-22,-2.63859e+19,-1.22542e-22
-1.89727e-22,-1.2751e+19,1.89018e-22
-2.38621e-23,1.12083e+19,3.84445e-22
1.55928e-22,2.94845e+19,3.43667e-22
2.44718e-22,2.85875e+19,9.17377e-23
1.90689e-22,7.34368e+18,-2.16556e-22
2.53733e-23,-2.11101e+19,-3.91796e-22
-1.54751e-22,-3.72867e+19,-3.26315e-22
-2.44562e-22,-2.8562e+19,-6.03441e-23
-1.91645e-22,1.23026e+18,2.42702e-22
-2.68834e-23,3.29621e+19,3.96631e-22
1.53567e-22,4.43258e+19,3.06868e-22
2.44396e-22,2.53447e+19,2.85631e-23
1.92593e-22,-1.33915e+19,-2.67291e-22
2.83925e-23,-4.62917e+19,-3.9892e-22
-1.52378e-22,-4.94863e+19,-2.8545e-22
-2.4422e-22,-1.79075e+19,3.40137e-24
-1.93534e-22,2.9344e+19,2.90163e-22
-2.99006e-23,6.02563e+19,3.98647e-22
1.51183e-22,5.13776e+19,2.622e-22
2.44036e-22,5.24557e+18,-3.5344e-23
1.94468e-22,-4.8958e+19,-3.11173e-22
3.14075e-23,-7.35766e+19,-3.95815e-22
-1.49982e-22,-4.8369e+19,-2.37267e-22
-2.43842e-22,1.35005e+19,6.70596e-23
-1.95394e-22,7.16399e+19,3.30184e-22
-3.29132e-23,8.44893e+19,3.90442e-22
1.48776e-22,3.86671e+19,2.1081e-22
2.43638e-22,-3.88859e+19,-9.83448e-23
1.96313e-22,-9.61964e+19,-3.47076e-22
3.44177e-23,-9.07335e+19,-3.82562e-22
-1.47564e-22,-2.04451e+19,-1.83e-22
-2.43426e-22,7.09678e+19,1.28998e-22
-1.97224e-22,1.20707e+20,3.61739e-22
-3.59208e-23,8.95858e+19,3.72226e-22
1.46346e-22,-7.96896e+18,1.54014e-22
2.43204e-22,-1.09082e+20,-1.58824e-22
1.98127e-22,-1.42423e+20,-3.7408e-22
3.74226e-23,-7.79634e+19,-3.59499e-22
-1.45122e-22,4.78378e+19,-1.2404e-22
-2.42973e-22,1.51605e+20,1.8763e-22
-1.99024e-22,1.5771e+20,3.84019e-22
-3.89229e-23,5.26104e+19,3.44465e-22
1.43893e-22,-9.96975e+19,9.32699e-23
2.42733e-22,-1.95716e+20,-2.15231e-22
1.99912e-22,-1.62076e+20,-3.91493e-22
4.04218e-23,-1.03861e+19,-3.27219e-22
-1.42659e-22,1.62981e+20,-6.19006e-23
-2.42483e-22,2.37192e+20,2.4145e-22
-2.00793e-22,1.5029e+20,3.96453e-22
-4.19191e-23,-5.13359e+19,3.07872e-22
1.41419e-22,-2.35604e+20,3.01338e-23
2.42224e-22,-2.70271e+20,-2.66119e-22
2.01666e-22,-1.16647e+20,-3.98867e-22
4.34148e-23,1.34152e+20,-2.86549e-22
-1.40174e-22,3.13535e+20,1.82636e-24
-2.41956e-22,2.87621e+20,2.8908e-22
-2.02532e-22,5.54013e+19,3.98721e-22
-4.49089e-23,-2.38001e+20,2.63386e-22
1.38923e-22,-3.90403e+20,-3.37748e-23
2.41679e-22,-2.80478e+20,-3.10184e-22
2.0339e-22,3.86178e+19,-3.96014e-22
4.64012e-23,3.60456e+20,-2.38531e-22
-1.37667e-22,4.57184e+20,6.55065e-23
-2.41392e-22,2.38998e+20,3.29297e-22
-2.0424e-22,-1.69176e+20,3.90766e-22
-4.78918e-23,-4.95962e+20,2.12146e-22
1.36406e-22,-5.02061e+20,-9.68175e-23
2.41097e-22,-1.52885e+20,-3.46296e-22
2.05082e-22,3.37605e+20,-3.83008e-22
4.93806e-23,6.35097e+20,-1.84398e-22
-1.3514e-22,5.10521e+20,1.27507e-22
-2.40792e-22,1.23419e+19,3.61071e-22
-2.05916e-22,-5.416e+20,3.72791e-22
-5.08675e-23,-7.63945e+20,1.55466e-22
1.33868e-22,-4.65805e+20,-1.57378e-22
2.40478e-22,1.90624e+20,-3.73528e-22
2.06743e-22,7.73892e+20,-3.60181e-22
5.23524e-23,8.63687e+20,-1.25536e-22
-1.32591e-22,3.49793e+20,1.86238e-22
-2.40154e-22,-4.60525e+20,3.83587e-22
-2.07562e-22,-1.0209e+21,3.45258e-22
-5.38353e-23,-9.10574e+20,9.48006e-23
1.3131e-22,-1.44436e+20,-2.13903e-22
2.39822e-22,7.96379e+20,-3.91183e-22
2.08373e-22,1.26153e+21,-3.28118e-22
5.53162e-23,8.76427e+20,-6.34561e-23
-1.30023e-22,-1.66208e+20,2.40194e-22
-2.3948e-22,-1.18943e+21,3.96268e-22
-2.09176e-22,-1.46618e+21,3.08872e-22
-5.6795e-23,-7.29847e+20,3.17042e-23
1.28731e-22,5.93278e+20,-2.64943e-22
2.3913e-22,1.62077e+21,-3.98808e-22
2.0997e-22,1.59646e+21,-2.87643e-22
5.82716e-23,4.3832e+20,2.5132e-25
-1.27435e-22,-1.13979e+21,2.87991e-22
-2.3877e-22,-2.05897e+21,3.98788e-22
-2.10757e-22,-1.60554e+21,2.64567e-22
-5.9746e-23,2.86489e+19,-3.22052e-23
1.26133e-22,1.79676e+21,-3.0919e-22
2.38401e-22,2.45823e+21,-3.96207e-22
2.11536e-22,1.43978e+21,-2.39792e-22
6.12181e-23,-6.95267e+20,6.39523e-23
-1.24827e-22,-2.53902e+21,3.28404e-22
-2.38023e-22,-2.75717e+21,3.91083e-22
-2.12307e-22,-1.04168e+21,2.13478e-22
-6.26879e-23,1.57402e+21,-9.52888e-23
1.23516e-22,3.32095e+21,-3.4551e-22
2.37636e-22,2.87892e+21,-3.83448e-22
2.1307e-22,3.54659e+20,-1.85793e-22
6.41553e-23,-2.6592e+21,1.26013e-22
-1.22201e-22,-4.0727e+21,3.60397e-22
-2.3724e-22,-2.73295e+21,3.73351e-22
-2.13824e-22,6.70287e+20,1.56916e-22
-6.56202e-23,3.91962e+21,-1.55929e-22
1.2088e-22,4.69746e+21,-3.7297e-22
2.36834e-22,2.21925e+21,-3.60856e-22
2.14571e-22,-2.0658e+21,-1.27031e-22
6.70827e-23,-5.29104e+21,1.84844e-22
-1.19555e-22,-5.07049e+21,3.83149e-22
-2.3642e-22,-1.23526e+21,3.46045e-22
-2.15309e-22,3.83743e+21,9.63298e-23
-6.85425e-23,6.66897e+21,-2.12571e-22
1.18226e-22,5.0409e+21,-3.90868e-22
2.35997e-22,-3.13698e+20,-3.29013e-22
2.16039e-22,-5.95128e+21,-6.50106e-23
6.99998e-23,-7.90276e+21,2.38934e-22
-1.16892e-22,-4.4371e+21,3.96077e-22
-2.35565e-22,2.50055e+21,3.09867e-22
-2.16761e-22,8.3206e+21,3.3274e-23
-7.14544e-23,8.79244e+21,-2.63763e-22
1.15553e-22,3.07691e+21,-3.98743e-22
2.35123e-22,-5.35886e+21,-2.88733e-22
2.17474e-22,-1.07925e+22,-1.32372e-24
7.29063e-23,-9.08943e+21,2.86899e-22
-1.1421e-22,-7.83248e+20,3.98849e-22
-2.34673e-22,8.86197e+21,2.65744e-22
-2.1818e-22,1.31363e+22,-3.0635e-23
-7.43554e-23,8.50323e+21,-3.08192e-22
1.12863e-22,-2.59395e+21,-3.96394e-22
2.34214e-22,-1.28999e+22,-2.4105e-22
2.18877e-22,-1.50352e+22,6.23971e-23
7.58016e-23,-6.71548e+21,3.27507e-22
-1.11512e-22,7.14924e+21,3.91394e-22
-2.33746e-22,1.72552e+22,2.14807e-22
-2.19565e-22,1.60848e+22,-9.37585e-23
-7.7245e-23,3.40334e+21,-3.44719e-22
1.10156e-22,-1.28871e+22,-3.83882e-22
2.33269e-22,-2.15808e+22,-1.87186e-22
2.20245e-22,-1.5799e+22,1.24518e-22
7.86854e-23,1.72651e+21,3.59717e-22
-1.08796e-22,1.96822e+22,3.73905e-22
-2.32783e-22,2.53821e+22,1.58363e-22
-2.20917e-22,1.36296e+22,-1.54478e-22
-8.01228e-23,-8.89236e+21,-3.72407e-22
1.07432e-22,-2.72371e+22,-3.61527e-22
2.32288e-22,-2.8008e+22,-1.28523e-22
2.21581e-22,-9.00021e+21,1.83446e-22
8.15572e-23,1.81806e+22,3.82705e-22
-1.06063e-22,3.50405e+22,3.46828e-22
-2.31785e-22,2.86556e+22,9.78575e-23
-2.22235e-22,1.35763e+21,-2.11237e-22
-8.29885e-23,-2.94788e+22,-3.90546e-22
1.04691e-22,-4.23315e+22,-3.29902e-22
2.31272e-22,-2.63934e+22,-6.65641e-23
2.22882e-22,9.75588e+21,2.37671e-22
8.44166e-23,4.24019e+22,3.9588e-22
-1.03315e-22,4.80753e+22,3.10858e-22
-2.30751e-22,2.02093e+22,3.48433e-23
-2.2352e-22,-2.46104e+22,-2.62579e-22
-8.58414e-23,-5.62166e+22,-3.98671e-22
1.01934e-22,-5.09605e+22,-2.89818e-22
2.30221e-22,-9.08859e+21,-2.89874e-24
2.24149e-22,4.31767e+22,2.85801e-22
8.7263e-23,6.97717e+22,3.98904e-22
-1.0055e-22,4.94239e+22,2.66917e-22
-2.29682e-22,-7.87484e+21,-2.90644e-23
-2.2477e-22,-6.49995e+22,-3.07189e-22
-8.86813e-23,-8.14449e+22,-3.96575e-22
9.91624e-23,-4.17159e+22,-2.42303e-22
2.29135e-22,3.13298e+22,6.08409e-23
2.25383e-22,8.90632e+22,3.26604e-22
9.00962e-23,8.9119e+22,3.917e-22
-9.77707e-23,2.60144e+22,2.16133e-22
-2.28578e-22,-6.1484e+22,-9.22268e-23
-2.25986e-22,-1.13661e+23,-3.43922e-22
-9.15077e-23,-9.02022e+22,-3.8431e-22
9.63753e-23,-5.95593e+20,-1.88576e-22
2.28013e-22,9.78896e+22,1.23021e-22
2.26581e-22,1.36287e+23,3.59032e-22
9.29156e-23,8.17109e+22,3.74453e-22
-9.49761e-23,-3.59308e+22,1.59807e-22
-2.27439e-22,-1.39208e+23,-1.53025e-22
-2.27168e-22,-1.53564e+23,-3.71837e-22
-9.43201e-23,-6.04319e+22,-3.62191e-22
9.35734e-23,8.43221e+22,-1.30013e-22
2.26857e-22,1.82971e+23,1.82046e-22
2.27746e-22,1.61244e+23,3.82255e-22
9.57209e-23,2.31802e+22,3.47604e-22
-9.21671e-23,-1.44343e+23,9.93837e-23
-2.26266e-22,-2.25369e+23,-2.09899e-22
-2.28315e-22,-1.54305e+23,-3.90218e-22
-9.71181e-23,3.2834e+22,-3.30786e-22
9.07572e-23,2.14361e+23,-6.81166e-23
2.25666e-22,2.61085e+23,2.36404e-22
2.28875e-22,1.27167e+23,3.95676e-22
9.85116e-23,-1.09523e+23,3.11843e-22
-8.93439e-23,-2.90923e+23,3.6412e-23
-2.25058e-22,-2.83242e+23,-2.61391e-22
-2.29427e-22,-7.40804e+22,-3.98594e-22
-9.99013e-23,2.07327e+23,-2.90899e-22
8.79272e-23,3.68343e+23,-4.47372e-24
2.24441e-22,2.83481e+23,2.847e-22
2.2997e-22,-1.03154e+22,3.98952e-22
1.01287e-22,-3.24527e+23,2.68086e-22
-8.65072e-23,-4.38374e+23,-2.74933e-23
-2.23816e-22,-2.52255e+23,-3.06181e-22
-2.30504e-22,1.30222e+23,-3.96749e-22
-1.02669e-22,4.56495e+23,-2.43553e-22
8.50838e-23,4.90006e+23,5.92838e-23
2.23182e-22,1.79374e+23,3.25696e-22
2.31029e-22,-2.87711e+23,3.91999e-22
1.04047e-22,-5.94952e+23,2.17456e-22
-8.36573e-23,-5.095e+23,-9.06937e-23
-2.22539e-22,-5.48601e+22,-3.4312e-22
-2.31546e-22,4.81569e+23,-3.84732e-22
-1.05422e-22,7.27297e+23,-1.89962e-22
8.22275e-23,4.80722e+23,1.21521e-22
2.21888e-22,-1.29848e+23,3.58341e-22
2.32054e-22,-7.06007e+23,3.74995e-22
1.06792e-22,-8.36137e+23,1.61249e-22
-8.07945e-23,-3.85912e+23,-1.51569e-22
-2.21229e-22,3.80329e+23,-3.71262e-22
-2.32553e-22,9.49313e+23,-3.6285e-22
-1.08158e-22,8.99141e+23,-1.31501e-22
7.93585e-23,2.06942e+23,1.80643e-22
2.20561e-22,-6.97258e+23,3.81799e-22
2.33043e-22,-1.19259e+24,3.48375e-22
1.0952e-22,-8.89384e+23,1.00908e-22
-7.79195e-23,7.28116e+22,-2.08557e-22
-2.19885e-22,1.07421e+24,-3.89884e-22
-2.33524e-22,1.40873e+24,-3.31664e-22
-1.10877e-22,7.76348e+23,-6.9668e-23
7.64775e-23,-4.65975e+23,2.35133e-22
2.192e-22,-1.49527e+24,3.95467e-22
2.33996e-22,-1.56188e+24,3.12824e-22
1.12231e-22,-5.27756e+23,3.79802e-23
-7.50326e-23,9.78027e+23,-2.60199e-22
-2.18507e-22,1.93271e+24,-3.9851e-22
-2.34459e-22,1.60763e+24,-2.91975e-22
-1.1358e-22,1.12413e+23,-6.04863e-24
7.35848e-23,-1.60359e+24,2.83594e-22
2.17805e-22,-2.34494e+24,3.98995e-22
2.34914e-22,-1.49422e+24,2.69251e-22
1.14925e-22,4.95864e+23,-2.59218e-23
-7.21343e-23,2.3223e+24,-3.05168e-22
-2.17096e-22,2.6751e+24,-3.96918e-22
-2.35359e-22,1.16515e+24,-2.44799e-22
-1.16266e-22,-1.31314e+24,5.77258e-23
7.06809e-23,-3.09459e+24,3.24783e-22
